TransactionAmount,CustomerAge,CustomerOccupation,LoginAttempts,AccountBalance,Cluster
14.09,70,Doctor,1,5112.21,0
376.24,68,Doctor,1,13758.91,2
126.29,19,Student,1,1122.35,1
184.5,26,Student,1,8569.06,0
13.45,26,Student,1,7429.4,0
92.15,18,Student,1,781.68,1
7.08,37,Doctor,1,13316.71,2
171.42,67,Retired,1,2796.24,1
106.23,51,Engineer,1,9095.14,2
815.96,55,Doctor,1,1021.88,1
17.78,52,Engineer,1,7599.52,0
190.02,21,Student,1,1528.81,1
494.52,24,Student,1,1620.02,1
781.76,26,Student,1,189.69,1
166.99,18,Student,1,299.93,1
465.45,36,Engineer,1,3465.54,1
555.8,19,Student,1,1131.26,1
492.93,39,Engineer,1,5109.97,0
18.68,59,Retired,1,7948.37,0
71.48,18,Student,1,6568.59,0
59.32,71,Retired,1,5750.89,0
85.77,38,Doctor,1,9146.19,2
52.2,39,Engineer,1,8974.93,0
145.54,21,Student,1,1930.96,1
7.49,65,Retired,1,3634.67,1
40.32,37,Engineer,1,2686.52,1
127.45,44,Doctor,1,1772.06,1
56.17,27,Student,1,1351.69,1
28.31,59,Doctor,1,8334.47,0
59.12,29,Doctor,1,9823.64,2
877.81,22,Student,1,399.0,1
255.26,45,Doctor,1,14815.87,2
124.76,49,Engineer,1,5764.72,0
78.13,26,Student,1,900.61,1
649.28,75,Retired,1,4875.86,0
335.63,55,Retired,1,1019.39,1
328.47,63,Retired,1,4323.66,0
34.02,38,Doctor,1,14214.48,2
241.42,57,Doctor,1,13357.02,2
55.32,19,Student,1,241.79,1
304.31,27,Student,1,868.61,1
435.27,74,Retired,1,4673.28,0
164.49,26,Student,1,1509.27,1
510.24,19,Student,1,781.7,1
626.9,26,Student,1,265.51,1
22.01,41,Engineer,1,1335.09,1
425.34,69,Retired,1,3907.54,1
424.56,51,Engineer,1,5183.85,0
85.43,67,Doctor,1,14904.9,2
169.5,28,Student,1,918.88,1
104.63,62,Retired,1,4477.78,0
316.95,25,Student,1,1324.03,1
60.54,57,Retired,1,3534.93,1
292.56,68,Retired,1,4638.37,0
386.52,48,Engineer,1,5630.61,0
112.07,23,Student,1,930.3,1
568.52,46,Engineer,1,5499.91,0
349.64,48,Engineer,1,6651.62,0
601.4,56,Engineer,1,8458.29,0
5.77,50,Doctor,1,13988.12,2
201.33,42,Engineer,1,2585.07,1
298.42,56,Retired,1,3014.75,1
521.06,25,Student,1,1951.42,1
117.28,60,Engineer,1,3665.77,1
189.12,32,Engineer,1,977.01,1
133.55,44,Engineer,1,3846.28,1
143.21,35,Engineer,1,6374.82,0
24.77,62,Retired,1,5866.01,0
233.92,26,Student,1,6537.62,0
232.12,37,Engineer,1,6689.87,0
162.63,22,Student,1,634.17,1
91.53,44,Doctor,1,14676.05,2
120.29,19,Student,1,1362.39,1
174.25,50,Doctor,1,10528.34,2
183.71,38,Engineer,1,552.52,1
345.39,58,Engineer,1,6451.96,0
259.91,49,Doctor,1,7176.86,0
154.71,34,Doctor,1,1523.72,1
24.56,64,Doctor,1,9869.93,2
568.07,48,Doctor,1,10556.81,2
9.61,58,Doctor,1,12883.91,2
392.96,24,Student,1,791.65,1
716.93,60,Retired,1,4064.02,0
230.66,21,Student,1,618.05,1
442.12,19,Student,1,1375.8,1
644.17,29,Engineer,1,1143.52,1
508.68,51,Engineer,1,7708.41,0
858.63,27,Student,1,1872.96,1
25.36,57,Engineer,1,201.04,1
147.62,71,Retired,1,2115.8,1
115.02,37,Doctor,1,7643.66,0
383.37,30,Engineer,1,8901.93,0
98.54,20,Student,1,9383.43,2
83.24,55,Doctor,1,1181.31,1
196.16,27,Engineer,1,9418.86,2
129.94,32,Engineer,1,7954.92,0
306.9,46,Engineer,1,9418.08,2
114.98,59,Retired,1,6144.68,0
756.59,27,Student,1,420.65,1
503.76,22,Student,1,447.82,1
143.03,63,Retired,1,7981.45,0
245.54,25,Student,1,985.06,1
254.37,51,Engineer,1,8849.26,0
213.76,78,Retired,1,3528.72,1
327.86,40,Engineer,1,480.16,1
2.5,47,Doctor,1,12145.27,2
300.08,68,Doctor,1,13546.75,2
407.65,26,Engineer,1,8346.64,0
115.83,39,Engineer,1,6481.04,0
53.57,69,Retired,1,1651.33,1
63.34,46,Doctor,1,11174.94,2
317.87,27,Student,1,145.5,1
331.65,41,Engineer,1,4172.57,0
5.04,56,Retired,1,5558.36,0
214.54,70,Doctor,1,11151.53,2
598.81,57,Doctor,1,1415.52,1
841.28,26,Student,1,1103.64,1
38.15,26,Student,1,303.68,1
124.72,33,Engineer,1,6309.8,0
302.45,78,Retired,1,5133.61,0
208.04,47,Engineer,1,9344.98,2
5.77,23,Student,1,1117.97,1
381.33,56,Doctor,1,11835.35,2
16.16,50,Doctor,1,14401.17,2
486.08,18,Student,1,1748.69,1
336.39,21,Student,1,1000.46,1
234.57,23,Student,1,263.98,1
6.0,30,Doctor,1,5442.76,0
227.14,18,Student,1,341.94,1
233.74,66,Retired,1,1066.59,1
113.02,69,Retired,1,6077.96,0
45.85,20,Student,1,1659.15,1
415.5,66,Doctor,1,10113.66,2
265.76,54,Retired,1,4446.17,0
69.4,80,Retired,1,6452.77,0
332.93,35,Engineer,1,2788.2,1
267.9,20,Student,1,596.16,1
496.03,61,Doctor,1,12904.66,2
376.26,37,Engineer,1,9062.4,0
83.02,36,Engineer,1,9009.56,0
93.26,20,Student,1,1152.2,1
803.37,68,Doctor,1,12168.37,2
35.76,23,Student,1,611.86,1
28.53,62,Doctor,1,8670.53,0
139.53,53,Doctor,1,10098.86,2
307.57,33,Doctor,1,5307.74,0
60.65,56,Retired,1,1047.28,1
74.86,70,Doctor,1,6921.48,0
117.97,51,Retired,1,1475.46,1
231.91,34,Engineer,1,112.76,1
126.21,75,Retired,1,5669.66,0
304.35,31,Engineer,1,4057.1,1
281.85,22,Student,1,1585.98,1
777.88,31,Engineer,1,6825.55,0
119.18,56,Retired,1,5516.5,0
177.19,76,Retired,1,5343.3,0
260.88,22,Student,1,903.05,1
169.47,24,Student,1,1806.16,1
73.23,26,Student,1,787.74,1
792.57,19,Student,1,770.37,1
237.06,71,Retired,1,1182.77,1
34.17,54,Engineer,1,726.55,1
740.25,41,Doctor,1,14464.3,2
453.54,58,Doctor,1,12046.3,2
300.47,73,Retired,1,7885.64,0
110.93,19,Student,1,1952.35,1
201.69,59,Doctor,1,7328.52,0
399.21,59,Engineer,1,3210.39,1
630.36,62,Retired,1,1363.65,1
10.94,60,Engineer,1,1241.99,1
215.9,38,Doctor,1,7873.28,0
226.37,49,Doctor,1,9840.04,2
444.89,43,Doctor,1,10328.23,2
280.57,25,Student,1,293.24,1
488.54,52,Engineer,1,7486.63,0
3.3,50,Doctor,1,11385.37,2
199.39,69,Retired,1,7264.79,0
20.36,62,Retired,1,2762.48,1
113.64,62,Retired,1,6675.03,0
493.11,53,Retired,1,7432.99,0
307.41,19,Student,1,1057.0,1
11.18,43,Doctor,1,5956.89,0
313.82,59,Engineer,1,7261.59,0
51.0,64,Retired,1,4943.16,0
140.98,60,Engineer,1,8127.48,0
288.04,68,Retired,1,1748.02,1
800.55,31,Engineer,1,9660.22,2
485.54,46,Engineer,1,6371.51,0
521.15,54,Doctor,1,9442.47,2
321.79,63,Retired,1,5959.2,0
304.93,65,Doctor,1,13531.22,2
432.08,40,Doctor,1,11500.62,2
694.2,61,Retired,1,1389.37,1
116.86,55,Engineer,1,6706.56,0
386.81,57,Doctor,1,7175.29,0
74.88,25,Student,1,420.67,1
195.76,75,Retired,1,7323.53,0
134.7,50,Doctor,1,8395.85,0
890.24,33,Engineer,1,5140.93,0
361.27,63,Doctor,1,7945.57,0
131.56,44,Doctor,1,5873.54,0
485.51,76,Retired,1,3074.45,1
547.87,64,Retired,1,6155.76,0
457.3,28,Engineer,1,8318.29,0
506.24,58,Engineer,1,230.09,1
486.59,57,Retired,1,2513.56,1
163.68,41,Doctor,1,10090.05,2
581.65,22,Student,1,480.19,1
52.01,48,Doctor,1,1120.88,1
630.24,21,Student,1,370.81,1
523.74,43,Doctor,1,13498.55,2
217.5,46,Engineer,1,3057.4,1
91.48,51,Doctor,1,14942.78,2
5.25,39,Doctor,1,14143.32,2
54.03,56,Retired,1,6736.3,0
736.73,48,Engineer,1,3313.07,1
368.91,54,Doctor,1,829.71,1
33.06,53,Retired,1,1540.87,1
66.5,32,Engineer,1,6820.23,0
177.08,35,Doctor,1,13475.14,2
588.54,32,Engineer,1,714.45,1
173.5,21,Student,1,1306.91,1
78.33,56,Engineer,1,7255.33,0
40.66,59,Retired,1,1153.84,1
97.22,77,Retired,1,6647.73,0
34.07,22,Student,1,8709.77,0
492.06,23,Student,1,857.9,1
842.01,53,Doctor,1,509.45,1
73.55,51,Engineer,1,2812.06,1
760.53,57,Engineer,1,6179.91,0
273.08,26,Engineer,1,6609.3,0
371.69,67,Retired,1,3484.32,1
218.96,18,Student,1,754.21,1
227.39,18,Student,1,751.09,1
237.99,39,Doctor,1,8510.09,0
186.6,58,Doctor,1,1508.72,1
341.15,18,Student,1,511.37,1
434.58,59,Doctor,1,12648.32,2
312.88,54,Engineer,1,233.21,1
75.15,23,Student,1,1092.92,1
23.3,59,Engineer,1,6711.15,0
47.38,25,Student,1,459.37,1
512.81,79,Retired,1,6994.34,0
488.15,43,Engineer,1,7071.09,0
12.82,44,Engineer,1,9045.19,0
535.91,43,Engineer,1,9642.12,2
270.72,26,Engineer,1,6263.96,0
97.98,72,Retired,1,7460.33,0
196.08,61,Retired,1,4233.82,0
251.18,42,Engineer,1,8303.9,0
44.52,28,Student,1,314.28,1
178.87,35,Doctor,1,5241.23,0
386.68,46,Doctor,1,6863.06,0
167.14,76,Retired,1,3877.73,1
345.22,69,Retired,1,4046.58,1
74.85,72,Retired,1,2409.73,1
671.73,58,Engineer,1,5211.88,0
255.04,45,Engineer,1,6217.86,0
45.77,25,Student,1,5978.12,0
329.69,26,Student,1,1671.66,1
11.92,53,Doctor,1,14611.9,2
47.42,64,Doctor,1,8253.52,0
35.99,63,Retired,1,4489.79,0
151.19,37,Doctor,1,11903.82,2
242.62,22,Student,1,483.02,1
48.72,21,Student,1,816.08,1
43.46,25,Student,1,578.06,1
443.79,53,Retired,1,3133.85,1
365.14,68,Retired,1,5894.09,0
757.41,22,Student,1,9532.42,2
20.54,51,Engineer,1,5327.03,0
475.36,34,Engineer,1,2000.6,1
34.74,56,Retired,1,6827.57,0
689.54,27,Student,1,1633.76,1
211.18,73,Retired,1,4069.17,0
211.36,51,Engineer,1,7943.47,0
744.41,39,Engineer,1,8842.47,0
61.43,24,Student,1,1882.77,1
167.44,37,Doctor,1,12526.71,2
361.46,21,Student,1,4737.84,0
378.85,78,Retired,1,2300.53,1
241.11,30,Doctor,1,12385.05,2
131.93,31,Engineer,1,4547.06,0
20.28,36,Engineer,1,2047.83,1
415.88,70,Doctor,1,10008.33,2
49.99,62,Retired,1,2299.64,1
100.66,50,Doctor,1,14473.33,2
485.54,19,Student,1,1533.32,1
321.15,46,Doctor,1,7005.05,0
711.3,21,Student,1,955.4,1
12.23,42,Engineer,1,7844.88,0
350.94,20,Student,1,221.56,1
301.85,54,Engineer,1,6586.19,0
29.34,65,Retired,1,3944.82,1
231.71,27,Student,1,1127.98,1
179.43,58,Retired,1,2626.63,1
36.71,48,Doctor,1,6459.38,0
138.12,53,Doctor,1,1649.69,1
233.24,33,Engineer,1,6939.23,0
609.14,39,Engineer,1,9033.87,0
436.64,31,Doctor,1,14365.18,2
870.43,29,Doctor,1,10115.18,2
354.4,74,Retired,1,7358.65,0
22.63,53,Engineer,1,4438.03,0
182.19,26,Student,1,1176.1,1
126.81,26,Engineer,1,5427.98,0
288.17,37,Engineer,1,3653.11,1
118.77,55,Engineer,1,2104.82,1
651.82,21,Student,1,1802.77,1
66.65,37,Engineer,1,3559.96,1
98.53,69,Retired,1,3564.8,1
138.95,71,Retired,1,6752.92,0
33.89,26,Student,1,1444.75,1
23.71,58,Doctor,1,10788.89,2
26.06,65,Doctor,1,12893.63,2
17.07,27,Engineer,1,2798.15,1
703.89,46,Engineer,1,3583.67,1
26.55,77,Retired,1,3085.38,1
147.4,42,Engineer,1,6797.71,0
202.11,27,Student,1,746.47,1
308.42,75,Retired,1,5427.81,0
11.18,53,Engineer,1,7467.3,0
294.15,38,Engineer,1,6362.16,0
29.58,54,Engineer,1,8345.26,0
139.45,27,Student,1,1305.76,1
432.63,29,Doctor,1,13648.36,2
131.43,43,Doctor,1,1337.5,1
516.72,42,Engineer,1,2015.69,1
374.5,26,Student,1,1671.51,1
166.13,68,Doctor,1,11822.53,2
626.9,23,Student,1,587.11,1
466.85,56,Retired,1,5422.53,0
788.84,58,Retired,1,1913.73,1
873.65,37,Doctor,1,12139.83,2
525.28,69,Retired,1,4693.6,0
110.17,30,Engineer,1,464.2,1
632.69,80,Retired,1,4363.74,0
124.35,72,Retired,1,3319.76,1
43.85,62,Retired,1,4356.98,0
283.81,28,Student,1,1519.35,1
168.53,71,Retired,1,5962.58,0
218.59,40,Engineer,1,6699.23,0
132.84,21,Student,1,822.73,1
157.37,42,Doctor,1,13964.31,2
144.77,20,Student,1,867.32,1
643.22,64,Doctor,1,1035.86,1
208.07,32,Doctor,1,8478.9,0
94.3,57,Doctor,1,11088.95,2
295.5,59,Retired,1,6280.66,0
30.23,44,Doctor,1,481.13,1
112.05,26,Student,1,1122.88,1
180.24,58,Engineer,1,8431.23,0
13.71,38,Engineer,1,8342.79,0
96.54,58,Retired,1,7182.22,0
79.35,67,Retired,1,1692.15,1
101.04,27,Student,1,1695.57,1
74.42,49,Engineer,1,6264.21,0
39.66,52,Engineer,1,8497.34,0
99.36,40,Doctor,1,1272.12,1
123.85,56,Engineer,1,3959.62,1
426.93,19,Student,1,476.19,1
133.73,25,Student,1,1872.22,1
222.39,49,Engineer,1,3117.39,1
215.94,22,Student,1,1841.69,1
826.23,29,Doctor,1,7580.59,0
416.37,35,Engineer,1,7936.91,0
131.46,67,Retired,1,6642.33,0
202.86,61,Doctor,1,7642.25,0
268.39,26,Student,1,136.74,1
137.35,40,Doctor,1,12662.66,2
712.75,44,Doctor,1,8126.06,0
353.82,42,Doctor,1,705.75,1
507.25,73,Retired,1,5331.57,0
212.74,27,Engineer,1,7645.47,0
364.42,51,Engineer,1,8119.73,0
195.12,46,Doctor,1,6101.15,0
230.61,80,Retired,1,2561.42,1
739.28,58,Doctor,1,11905.64,2
390.35,64,Doctor,1,7095.88,0
242.03,58,Engineer,1,4382.73,0
242.39,18,Student,1,1328.73,1
135.03,23,Student,1,1278.0,1
193.54,80,Retired,1,2929.51,1
617.36,29,Engineer,1,8926.38,0
775.23,59,Doctor,1,5977.59,0
266.57,72,Retired,1,7676.92,0
153.4,45,Engineer,1,4657.7,0
5.12,34,Engineer,1,3293.01,1
119.11,57,Engineer,1,7998.25,0
119.72,30,Engineer,1,3435.34,1
107.4,58,Doctor,1,344.07,1
115.92,53,Retired,1,3897.17,1
438.04,67,Retired,1,5358.95,0
677.29,27,Engineer,1,627.79,1
296.0,35,Doctor,1,7418.82,0
299.09,36,Engineer,1,5615.26,0
461.52,24,Student,1,1995.18,1
100.52,50,Engineer,1,453.39,1
85.35,66,Retired,1,2173.76,1
79.76,39,Engineer,1,6452.14,0
778.49,75,Retired,1,7713.67,0
386.38,42,Engineer,1,5528.36,0
165.25,35,Doctor,1,9939.94,2
14.29,34,Engineer,1,7016.99,0
232.79,55,Retired,1,2661.3,1
92.29,54,Engineer,1,2026.32,1
293.97,68,Retired,1,7371.85,0
136.32,19,Student,1,264.83,1
251.06,36,Doctor,1,10001.66,2
50.17,77,Retired,1,7752.14,0
21.4,34,Engineer,1,9594.11,2
73.28,21,Student,1,1329.41,1
70.23,38,Doctor,1,11624.93,2
689.29,22,Student,1,168.84,1
745.03,28,Student,1,160.57,1
54.61,58,Engineer,1,7135.64,0
54.05,27,Student,1,469.14,1
107.47,67,Retired,1,7517.5,0
219.63,48,Doctor,1,8013.63,0
188.7,54,Retired,1,5077.06,0
93.52,51,Engineer,1,2791.2,1
275.92,62,Retired,1,1777.38,1
376.79,68,Retired,1,7749.14,0
8.98,66,Retired,1,4516.76,0
697.32,68,Retired,1,2016.02,1
17.45,18,Student,1,1959.52,1
442.74,23,Student,1,1790.27,1
623.9,27,Student,1,711.47,1
63.41,26,Student,1,1546.22,1
346.85,44,Doctor,1,7208.15,0
71.95,59,Engineer,1,9267.32,2
7.5,63,Retired,1,6485.78,0
206.46,65,Retired,1,3984.38,1
423.11,60,Engineer,1,412.78,1
35.84,54,Retired,1,4795.65,0
88.6,28,Student,1,246.57,1
22.46,54,Retired,1,6631.5,0
334.89,21,Student,1,1661.68,1
319.27,54,Retired,1,5504.01,0
144.3,18,Student,1,312.19,1
348.7,69,Retired,1,2445.58,1
366.21,62,Doctor,1,10862.99,2
99.11,55,Retired,1,5414.87,0
539.35,55,Retired,1,3919.44,1
188.99,58,Engineer,1,7315.34,0
710.14,26,Student,1,465.63,1
308.68,53,Doctor,1,9992.36,2
166.68,57,Retired,1,5141.19,0
0.99,45,Engineer,1,4317.85,0
66.58,23,Student,1,1636.32,1
223.43,77,Retired,1,7932.41,0
659.95,60,Engineer,1,3927.69,1
634.86,27,Student,1,588.5,1
286.5,30,Engineer,1,8517.95,0
322.96,76,Retired,1,2401.59,1
654.48,19,Student,1,6776.41,0
157.97,48,Doctor,1,5529.92,0
120.9,40,Doctor,1,9009.42,0
254.77,57,Engineer,1,5994.87,0
795.96,65,Retired,1,5468.58,0
149.25,39,Engineer,1,5677.52,0
3.42,43,Doctor,1,14180.21,2
68.19,40,Doctor,1,9895.1,2
493.42,39,Engineer,1,2232.84,1
37.57,57,Retired,1,7739.54,0
96.89,59,Retired,1,6044.93,0
448.33,25,Student,1,922.19,1
8.65,48,Doctor,1,10778.35,2
65.57,41,Engineer,1,7513.79,0
539.81,46,Engineer,1,2051.25,1
363.53,63,Retired,1,1038.91,1
64.9,51,Retired,1,6854.61,0
358.18,18,Student,1,619.86,1
167.2,30,Doctor,1,11320.83,2
121.91,60,Doctor,1,14510.8,2
137.57,54,Engineer,1,5103.67,0
534.62,55,Doctor,1,13793.53,2
463.92,50,Engineer,1,2403.39,1
320.14,60,Retired,1,3075.97,1
214.93,28,Student,1,7835.4,0
660.02,20,Student,1,414.43,1
345.81,40,Engineer,1,6116.8,0
143.54,71,Retired,1,6067.62,0
42.55,53,Engineer,1,7341.43,0
541.79,22,Student,1,1454.08,1
40.57,26,Student,1,1476.91,1
498.67,28,Student,1,1719.97,1
227.22,53,Doctor,1,832.82,1
56.94,76,Retired,1,7004.63,0
629.82,68,Retired,1,6385.69,0
59.44,35,Engineer,1,5472.03,0
186.69,30,Engineer,1,8602.22,0
230.46,19,Student,1,162.53,1
65.09,44,Engineer,1,9370.9,2
457.09,55,Engineer,1,8570.82,0
552.02,44,Engineer,1,522.08,1
377.12,34,Engineer,1,836.67,1
204.56,18,Student,1,364.72,1
420.28,35,Doctor,1,8557.32,0
124.59,27,Student,1,129.29,1
73.88,39,Doctor,1,6474.41,0
77.43,21,Student,1,1380.21,1
245.93,54,Engineer,1,7986.63,0
622.41,64,Doctor,1,7322.01,0
43.73,34,Doctor,1,9929.43,2
2.03,33,Engineer,1,3012.31,1
770.65,31,Doctor,1,7198.8,0
260.31,63,Doctor,1,10980.38,2
356.1,26,Student,1,868.35,1
27.07,80,Retired,1,3773.29,1
119.89,67,Doctor,1,6697.77,0
106.39,37,Doctor,1,9410.99,2
12.04,37,Engineer,1,6213.32,0
29.38,28,Student,1,1663.31,1
319.85,60,Doctor,1,711.66,1
350.14,75,Retired,1,2403.25,1
163.94,52,Retired,1,5957.37,0
170.53,24,Student,1,801.01,1
262.22,40,Engineer,1,5711.71,0
41.49,24,Student,1,928.33,1
121.43,52,Engineer,1,7365.28,0
350.46,51,Retired,1,5839.38,0
220.41,26,Engineer,1,5116.98,0
33.46,72,Retired,1,3641.07,1
104.79,70,Doctor,1,1352.19,1
246.27,29,Doctor,1,7299.86,0
48.85,19,Student,1,1503.56,1
332.0,69,Retired,1,5943.13,0
118.1,54,Engineer,1,895.66,1
84.59,67,Doctor,1,5669.1,0
295.64,21,Student,1,1061.96,1
514.33,25,Student,1,1592.94,1
94.59,39,Doctor,1,6171.89,0
80.43,59,Retired,1,5987.67,0
54.25,68,Doctor,1,14783.33,2
518.85,22,Student,1,1806.0,1
10.65,54,Doctor,1,13240.72,2
198.62,27,Student,1,1196.07,1
107.03,27,Student,1,1408.07,1
346.11,41,Engineer,1,9551.64,2
138.06,44,Engineer,1,1070.47,1
158.02,49,Engineer,1,9374.24,2
830.01,66,Retired,1,4253.18,0
435.5,55,Retired,1,6981.03,0
110.49,57,Doctor,1,10483.93,2
329.4,34,Doctor,1,9588.07,2
635.4,47,Doctor,1,1238.11,1
769.97,22,Student,1,1244.93,1
175.07,26,Student,1,1040.25,1
7.31,78,Retired,1,5757.67,0
175.15,27,Student,1,1712.65,1
121.82,60,Doctor,1,13293.83,2
56.12,30,Doctor,1,8839.67,0
424.7,56,Retired,1,6239.89,0
35.16,32,Engineer,1,8459.18,0
35.73,65,Doctor,1,9073.17,0
3.44,78,Retired,1,7561.33,0
139.03,50,Engineer,1,2276.57,1
254.92,28,Engineer,1,2791.12,1
115.11,28,Engineer,1,9808.97,2
171.11,57,Retired,1,6324.09,0
420.76,51,Retired,1,6581.55,0
408.46,64,Retired,1,3140.79,1
342.17,21,Student,1,461.83,1
580.71,53,Engineer,1,5670.0,0
821.54,79,Retired,1,4040.32,1
253.47,20,Student,1,220.51,1
22.81,62,Retired,1,3634.76,1
266.57,39,Engineer,1,7180.48,0
374.61,75,Retired,1,1389.71,1
339.35,78,Retired,1,5002.7,0
810.36,20,Student,1,9239.12,2
9.83,24,Student,1,666.42,1
135.57,51,Doctor,1,11351.64,2
340.05,43,Engineer,1,7234.15,0
283.45,27,Engineer,1,2049.51,1
100.99,68,Doctor,1,8865.27,0
90.88,18,Student,1,3908.47,1
655.15,26,Engineer,1,5587.44,0
320.55,50,Engineer,1,438.75,1
41.51,28,Student,1,609.6,1
71.53,68,Retired,1,2393.73,1
467.13,54,Retired,1,3914.84,1
235.4,28,Student,1,818.36,1
159.32,18,Student,1,304.44,1
50.83,30,Doctor,1,9553.42,2
56.89,59,Engineer,1,3034.67,1
20.22,43,Engineer,1,5515.32,0
50.4,36,Doctor,1,1677.01,1
73.88,53,Retired,1,4055.55,1
119.61,33,Doctor,1,9899.94,2
116.58,43,Engineer,1,2620.74,1
391.96,64,Retired,1,2174.16,1
156.26,46,Engineer,1,7854.1,0
427.0,49,Engineer,1,8253.65,0
443.68,18,Student,1,874.15,1
101.76,31,Doctor,1,6043.25,0
67.57,37,Engineer,1,2766.12,1
326.29,56,Engineer,1,8171.26,0
158.56,33,Doctor,1,5401.21,0
56.02,27,Student,1,3548.02,1
288.28,27,Student,1,160.83,1
245.67,24,Student,1,752.25,1
114.35,41,Engineer,1,469.12,1
373.27,61,Doctor,1,8441.61,0
504.63,60,Engineer,1,3806.16,1
820.15,47,Doctor,1,8802.97,0
8.37,63,Retired,1,1106.34,1
197.49,53,Retired,1,5005.33,0
637.97,58,Retired,1,7949.03,0
13.52,26,Student,1,259.77,1
432.1,49,Engineer,1,2114.3,1
642.68,50,Doctor,1,8461.46,0
78.44,52,Retired,1,6870.84,0
139.72,49,Engineer,1,5058.83,0
499.99,31,Engineer,1,8885.0,0
10.07,24,Student,1,530.81,1
120.62,23,Student,1,9379.53,2
578.49,59,Retired,1,6475.13,0
280.92,41,Doctor,1,5298.85,0
42.42,21,Student,1,490.57,1
77.03,67,Doctor,1,11310.27,2
22.59,62,Retired,1,3988.75,1
568.76,51,Retired,1,7484.32,0
105.94,51,Engineer,1,5963.1,0
350.15,21,Student,1,296.47,1
183.67,19,Student,1,910.26,1
278.27,29,Doctor,1,6684.34,0
470.3,40,Doctor,1,8524.09,0
261.69,53,Retired,1,5126.65,0
365.04,22,Student,1,873.89,1
211.1,57,Retired,1,7059.77,0
21.49,58,Doctor,1,11991.24,2
63.58,18,Student,1,8086.04,0
321.86,63,Doctor,1,12626.49,2
12.11,75,Retired,1,1730.28,1
642.54,44,Engineer,1,3143.17,1
210.45,27,Student,1,1242.49,1
313.65,55,Retired,1,1886.36,1
99.76,26,Student,1,416.89,1
115.32,53,Retired,1,5929.08,0
33.61,23,Student,1,479.08,1
498.59,33,Doctor,1,5862.99,0
98.81,27,Student,1,797.1,1
1.87,65,Retired,1,7287.94,0
78.92,59,Engineer,1,5624.86,0
194.29,39,Engineer,1,2988.41,1
28.73,53,Engineer,1,2712.96,1
105.53,24,Student,1,1433.66,1
737.34,30,Doctor,1,7336.56,0
237.86,18,Student,1,475.63,1
409.61,65,Doctor,1,11698.15,2
75.53,21,Student,1,1034.35,1
72.75,64,Doctor,1,12042.79,2
39.11,26,Student,1,518.54,1
729.38,68,Doctor,1,9127.65,2
137.49,34,Engineer,1,4471.05,0
504.71,29,Engineer,1,6214.54,0
371.47,24,Student,1,1187.04,1
430.35,36,Doctor,1,354.9,1
230.32,35,Engineer,1,791.46,1
121.71,52,Retired,1,5878.89,0
98.87,20,Student,1,533.2,1
117.55,24,Student,1,897.94,1
244.64,30,Doctor,1,9159.56,2
321.93,45,Engineer,1,4392.73,0
283.23,40,Engineer,1,2008.77,1
346.65,30,Engineer,1,6356.96,0
381.62,64,Retired,1,6009.12,0
388.65,76,Retired,1,7896.85,0
29.22,24,Student,1,1649.43,1
46.75,67,Retired,1,2840.43,1
348.64,57,Retired,1,3274.96,1
319.17,73,Retired,1,6501.56,0
73.95,26,Student,1,363.92,1
389.63,27,Engineer,1,9748.48,2
217.61,19,Student,1,1404.53,1
199.84,21,Student,1,706.44,1
56.35,44,Doctor,1,5095.73,0
248.95,65,Retired,1,3059.79,1
142.58,33,Engineer,1,7844.23,0
333.78,60,Retired,1,6810.94,0
332.59,55,Retired,1,1457.07,1
236.81,22,Student,1,813.68,1
417.8,27,Student,1,1518.82,1
319.27,50,Doctor,1,10269.78,2
384.1,42,Engineer,1,672.79,1
820.62,61,Doctor,1,6024.8,0
474.77,56,Engineer,1,2158.59,1
542.72,43,Doctor,1,6011.8,0
79.8,73,Retired,1,6372.58,0
46.24,57,Engineer,1,2569.56,1
327.8,61,Doctor,1,10585.48,2
445.79,52,Doctor,1,717.99,1
55.89,72,Retired,1,3689.65,1
158.41,28,Student,1,1512.16,1
101.19,64,Doctor,1,14389.45,2
61.97,74,Retired,1,7014.69,0
27.21,79,Retired,1,3520.61,1
173.74,80,Retired,1,4913.42,0
176.11,38,Engineer,1,9155.35,2
88.4,46,Engineer,1,2567.53,1
567.92,53,Retired,1,3779.47,1
138.11,68,Retired,1,4177.65,0
456.93,28,Engineer,1,7284.76,0
101.42,66,Retired,1,6530.59,0
300.61,44,Doctor,1,7895.54,0
265.94,54,Engineer,1,6781.3,0
345.54,29,Engineer,1,2091.78,1
411.52,41,Doctor,1,11108.39,2
111.21,35,Doctor,1,9088.36,2
316.37,53,Engineer,1,4671.69,0
260.63,37,Engineer,1,7534.73,0
92.36,29,Engineer,1,6353.14,0
262.06,63,Doctor,1,13587.52,2
64.5,74,Retired,1,1351.24,1
175.94,57,Retired,1,3728.04,1
199.47,57,Doctor,1,6067.44,0
51.07,63,Retired,1,4292.16,0
435.86,56,Retired,1,3801.82,1
74.73,64,Retired,1,6353.22,0
182.79,23,Student,1,1251.85,1
628.36,44,Doctor,1,11869.71,2
268.39,29,Doctor,1,9409.43,2
362.27,80,Retired,1,6003.59,0
560.15,50,Engineer,1,817.83,1
132.36,28,Student,1,319.65,1
24.77,40,Engineer,1,478.23,1
80.24,53,Doctor,1,8012.81,0
8.65,68,Retired,1,4201.22,0
178.91,18,Student,1,8870.89,0
115.22,27,Engineer,1,906.2,1
161.63,46,Doctor,1,9286.37,2
542.75,70,Retired,1,2224.08,1
317.47,67,Doctor,1,14639.28,2
280.99,45,Engineer,1,9733.59,2
24.19,29,Engineer,1,2756.2,1
586.85,36,Doctor,1,6655.15,0
372.41,55,Retired,1,3233.87,1
63.17,20,Student,1,1676.57,1
383.69,54,Engineer,1,8371.11,0
247.17,65,Retired,1,2611.64,1
48.78,18,Student,1,552.06,1
4.15,60,Retired,1,6017.36,0
60.99,34,Engineer,1,7281.46,0
408.19,26,Engineer,1,6847.47,0
524.6,58,Doctor,1,13017.7,2
108.96,26,Student,1,7597.66,0
70.03,63,Retired,1,7330.31,0
124.84,52,Retired,1,6711.78,0
324.04,54,Retired,1,2248.06,1
39.69,70,Retired,1,3524.68,1
157.7,58,Engineer,1,8332.58,0
81.27,22,Student,1,1814.48,1
193.82,37,Engineer,1,3886.77,1
16.73,79,Retired,1,7591.13,0
474.05,57,Retired,1,1484.31,1
637.75,79,Retired,1,4202.92,0
153.59,66,Retired,1,4813.12,0
186.6,18,Student,1,9716.68,2
644.08,24,Student,1,1980.62,1
226.66,41,Doctor,1,10216.25,2
305.0,22,Student,1,944.83,1
233.1,42,Doctor,1,7469.2,0
793.13,68,Doctor,1,13389.16,2
224.19,52,Doctor,1,8475.47,0
214.83,23,Student,1,991.69,1
163.46,63,Retired,1,6953.8,0
194.99,34,Engineer,1,1370.03,1
227.5,34,Doctor,1,11505.35,2
259.9,26,Student,1,914.28,1
59.51,36,Doctor,1,9955.88,2
50.63,64,Retired,1,4732.81,0
112.94,73,Retired,1,3807.84,1
11.81,21,Student,1,320.25,1
329.14,55,Doctor,1,12033.92,2
154.24,61,Retired,1,6109.55,0
233.44,20,Student,1,1691.88,1
141.8,18,Student,1,1697.67,1
209.03,55,Engineer,1,8359.5,0
261.14,42,Engineer,1,6100.08,0
101.81,45,Doctor,1,13872.03,2
98.71,32,Doctor,1,10095.23,2
87.38,21,Student,1,1504.99,1
83.39,32,Doctor,1,13182.11,2
267.55,46,Engineer,1,4330.04,0
870.05,29,Doctor,1,905.25,1
154.32,38,Engineer,1,6972.5,0
164.51,78,Retired,1,3553.69,1
758.12,69,Retired,1,6164.65,0
103.76,28,Engineer,1,9626.14,2
583.92,55,Engineer,1,6364.14,0
204.06,77,Retired,1,4351.83,0
53.51,56,Retired,1,5773.5,0
52.95,68,Retired,1,6335.58,0
120.17,49,Doctor,1,5403.79,0
220.8,31,Engineer,1,8135.31,0
119.01,45,Doctor,1,9798.26,2
183.32,21,Student,1,137.42,1
858.88,60,Engineer,1,7015.46,0
11.46,41,Engineer,1,2356.71,1
61.37,75,Retired,1,4294.44,0
103.08,49,Engineer,1,9251.38,2
1.21,55,Retired,1,7542.74,0
425.18,26,Engineer,1,9880.71,2
60.96,52,Retired,1,6189.24,0
64.21,51,Doctor,1,12540.18,2
523.02,53,Retired,1,4586.11,0
50.26,65,Retired,1,1519.38,1
110.08,19,Student,1,1447.26,1
54.47,23,Student,1,1131.42,1
79.76,68,Doctor,1,10278.75,2
16.79,30,Doctor,1,535.15,1
68.62,29,Doctor,1,13891.47,2
157.16,20,Student,1,1545.77,1
643.38,18,Student,1,1046.74,1
328.34,42,Engineer,1,2840.45,1
72.68,69,Retired,1,6216.77,0
354.76,51,Doctor,1,10141.92,2
793.88,22,Student,1,1404.06,1
29.22,27,Engineer,1,7795.79,0
653.97,37,Engineer,1,3886.65,1
366.43,21,Student,1,1560.45,1
233.74,72,Retired,1,4749.54,0
471.84,18,Student,1,1044.33,1
213.4,73,Retired,1,2012.24,1
254.21,48,Engineer,1,2487.2,1
577.73,37,Doctor,1,14977.99,2
170.26,27,Student,1,1969.48,1
330.61,64,Retired,1,2525.25,1
132.33,35,Engineer,1,7457.94,0
672.74,46,Engineer,1,5386.52,0
74.04,18,Student,1,1690.23,1
197.18,28,Engineer,1,3114.92,1
21.15,70,Retired,1,3466.74,1
218.37,62,Doctor,1,9942.24,2
697.82,44,Engineer,1,6824.0,0
148.0,20,Student,1,1488.65,1
22.26,19,Student,1,5583.88,0
0.86,25,Student,1,1357.22,1
757.1,65,Doctor,1,10553.23,2
38.81,25,Student,1,1619.6,1
32.46,31,Doctor,1,8656.18,0
20.64,22,Student,1,949.38,1
662.11,23,Student,1,1996.38,1
288.77,55,Engineer,1,8836.51,0
35.05,30,Doctor,1,14330.47,2
214.73,46,Doctor,1,5368.42,0
25.38,57,Engineer,1,8616.05,0
617.66,41,Engineer,1,5906.58,0
446.39,63,Retired,1,7863.6,0
377.92,33,Engineer,1,2254.71,1
11.04,30,Engineer,1,6983.04,0
275.46,36,Doctor,1,9697.75,2
179.76,78,Retired,1,5909.52,0
32.34,44,Doctor,1,7847.62,0
273.92,79,Retired,1,4543.56,0
375.45,19,Student,1,1307.23,1
388.98,23,Student,1,1819.91,1
492.84,25,Student,1,577.67,1
148.85,57,Doctor,1,7802.36,0
391.66,50,Engineer,1,2406.31,1
185.99,41,Engineer,1,402.45,1
322.48,27,Student,1,1238.43,1
20.27,18,Student,1,796.35,1
199.02,61,Retired,1,4658.89,0
104.23,63,Retired,1,5009.29,0
55.86,39,Engineer,1,5346.46,0
10.77,31,Doctor,1,10704.95,2
95.55,33,Engineer,1,2434.74,1
477.07,27,Engineer,1,6568.07,0
9.1,52,Retired,1,2791.45,1
21.41,57,Doctor,1,658.91,1
278.28,28,Student,1,1346.88,1
388.1,73,Retired,1,3022.12,1
215.39,27,Student,1,1582.55,1
194.37,66,Doctor,1,14395.88,2
37.7,20,Student,1,1741.1,1
19.59,64,Retired,1,1061.69,1
81.35,41,Engineer,1,7192.45,0
314.54,58,Engineer,1,9923.45,2
466.64,58,Doctor,1,10915.11,2
397.01,22,Student,1,719.52,1
472.48,55,Engineer,1,7128.82,0
67.15,59,Doctor,1,9028.49,0
102.67,79,Retired,1,4656.94,0
453.49,66,Doctor,1,6366.43,0
267.17,26,Student,1,1382.62,1
111.26,66,Doctor,1,14350.11,2
121.17,68,Doctor,1,12990.77,2
213.28,51,Retired,1,4835.91,0
187.88,60,Engineer,1,2154.58,1
471.88,34,Doctor,1,14833.34,2
83.79,57,Engineer,1,5061.3,0
212.14,72,Retired,1,7225.06,0
99.16,79,Retired,1,2607.58,1
839.33,60,Doctor,1,11538.97,2
4.24,38,Engineer,1,7822.73,0
50.29,58,Doctor,1,7604.9,0
135.85,57,Retired,1,1480.39,1
368.53,68,Doctor,1,13696.31,2
17.95,64,Doctor,1,12344.9,2
127.8,31,Engineer,1,8630.99,0
16.73,45,Engineer,1,2202.62,1
317.12,44,Doctor,1,14409.74,2
476.63,79,Retired,1,4894.25,0
156.58,24,Student,1,8981.61,0
55.12,34,Engineer,1,3791.99,1
15.74,27,Student,1,690.16,1
353.68,70,Retired,1,6777.12,0
297.15,76,Retired,1,5449.37,0
647.85,36,Doctor,1,13779.97,2
75.04,49,Engineer,1,9648.6,2
273.92,28,Student,1,1029.15,1
215.8,51,Retired,1,3656.62,1
420.6,26,Student,1,1778.75,1
688.36,23,Student,1,5191.13,0
285.18,55,Doctor,1,14847.97,2
213.55,63,Doctor,1,5238.37,0
463.11,51,Doctor,1,10238.82,2
150.03,73,Retired,1,7491.42,0
428.61,51,Retired,1,2116.36,1
309.56,58,Doctor,1,972.04,1
377.08,26,Student,1,6430.86,0
77.25,68,Doctor,1,14077.97,2
146.92,64,Retired,1,3990.6,1
126.6,22,Student,1,961.65,1
101.34,24,Student,1,703.26,1
184.97,58,Doctor,1,1156.67,1
451.15,46,Engineer,1,1356.47,1
516.47,25,Student,1,1305.06,1
880.04,25,Student,1,261.97,1
353.69,59,Engineer,1,9500.79,2
66.69,25,Student,1,1210.33,1
95.75,31,Engineer,1,337.62,1
43.91,27,Student,1,1806.68,1
98.03,54,Engineer,1,6323.45,0
617.66,42,Engineer,1,7155.95,0
888.57,62,Retired,1,7896.14,0
107.48,22,Student,1,591.23,1
36.57,62,Retired,1,2583.07,1
575.62,43,Doctor,1,234.41,1
84.89,37,Engineer,1,4735.61,0
832.3,69,Retired,1,6617.52,0
7.76,52,Retired,1,7393.11,0
109.3,56,Doctor,1,13510.11,2
230.08,79,Retired,1,4466.1,0
361.92,54,Retired,1,7474.31,0
122.45,46,Doctor,1,7255.49,0
642.53,65,Doctor,1,11417.91,2
62.86,25,Student,1,1040.43,1
175.21,69,Doctor,1,6039.04,0
168.0,32,Engineer,1,3498.58,1
11.46,67,Retired,1,6628.75,0
382.07,62,Doctor,1,10156.09,2
65.32,28,Student,1,9165.02,2
730.1,77,Retired,1,6384.05,0
85.31,62,Retired,1,6095.65,0
726.61,18,Student,1,1008.76,1
130.4,45,Engineer,1,4381.24,0
68.1,20,Student,1,1382.8,1
65.26,26,Student,1,7380.63,0
191.62,63,Doctor,1,1981.67,1
212.88,39,Doctor,1,7036.72,0
88.38,30,Engineer,1,3707.82,1
48.77,42,Engineer,1,2040.16,1
289.1,27,Student,1,267.53,1
390.09,26,Engineer,1,2617.23,1
48.29,37,Engineer,1,8883.4,0
333.83,63,Retired,1,1660.66,1
100.27,79,Retired,1,4309.9,0
44.54,31,Engineer,1,362.4,1
82.17,28,Student,1,1913.06,1
447.42,32,Engineer,1,6133.22,0
590.26,25,Student,1,1068.28,1
192.73,71,Retired,1,2037.75,1
146.01,26,Student,1,221.79,1
11.57,56,Retired,1,2061.61,1
102.34,51,Doctor,1,9326.28,2
7.82,36,Engineer,1,2240.49,1
79.43,74,Retired,1,6579.37,0
386.97,58,Retired,1,1876.35,1
51.22,23,Student,1,1664.59,1
256.05,54,Retired,1,6910.18,0
7.79,34,Doctor,1,1319.85,1
233.71,63,Doctor,1,6095.5,0
176.37,55,Retired,1,2420.86,1
122.63,21,Student,1,359.06,1
86.41,75,Retired,1,3128.71,1
21.57,54,Retired,1,7587.48,0
82.67,26,Student,1,290.59,1
451.35,47,Engineer,1,7707.96,0
299.42,63,Retired,1,4735.41,0
543.47,18,Student,1,6165.03,0
346.76,21,Student,1,1637.75,1
47.48,24,Student,1,585.52,1
64.92,58,Engineer,1,5481.76,0
350.72,28,Student,1,1982.9,1
3.8,65,Doctor,1,5766.96,0
22.54,26,Engineer,1,7139.11,0
767.14,62,Retired,1,4732.57,0
167.47,35,Engineer,1,2293.13,1
43.65,30,Engineer,1,2870.67,1
391.08,56,Retired,1,6885.16,0
390.77,44,Doctor,1,5500.56,0
508.16,39,Engineer,1,5609.44,0
36.76,65,Retired,1,1228.93,1
332.33,27,Student,1,192.63,1
362.09,32,Engineer,1,6590.28,0
42.58,30,Doctor,1,13485.0,2
122.35,53,Retired,1,6472.5,0
248.66,28,Engineer,1,2571.39,1
461.25,54,Doctor,1,676.1,1
61.77,56,Doctor,1,12352.2,2
268.92,29,Engineer,1,8765.38,0
219.02,54,Engineer,1,7375.73,0
125.14,20,Student,1,1845.18,1
47.6,53,Engineer,1,1382.51,1
592.82,74,Retired,1,7508.98,0
372.5,22,Student,1,3901.82,1
4.72,32,Engineer,1,4792.01,0
144.93,42,Engineer,1,6887.52,0
316.56,28,Engineer,1,8643.51,0
9.18,22,Student,1,887.32,1
421.25,25,Student,1,7174.69,0
185.71,48,Engineer,1,2679.91,1
26.27,45,Engineer,1,8853.93,0
297.03,61,Retired,1,1088.62,1
99.52,52,Engineer,1,3798.09,1
881.1,28,Student,1,9951.68,2
139.69,52,Engineer,1,9567.94,2
42.72,37,Engineer,1,2669.66,1
112.72,31,Doctor,1,9630.0,2
568.88,19,Student,1,1307.86,1
189.03,28,Student,1,1916.46,1
199.8,20,Student,1,167.28,1
189.08,68,Doctor,1,10790.8,2
409.59,35,Doctor,1,14563.02,2
349.34,28,Student,1,614.14,1
283.15,24,Student,1,603.79,1
151.82,51,Retired,1,2197.12,1
438.59,37,Engineer,1,8994.39,0
590.57,79,Retired,1,3224.6,1
63.74,63,Retired,1,4336.4,0
77.02,59,Doctor,1,800.83,1
501.15,47,Engineer,1,8821.84,0
8.95,76,Retired,1,3299.84,1
173.6,21,Student,1,421.44,1
149.4,53,Retired,1,1035.22,1
388.21,53,Doctor,1,9724.49,2
126.04,65,Retired,1,6041.69,0
52.04,50,Doctor,1,8436.12,0
389.7,62,Doctor,1,7125.15,0
161.1,19,Student,1,239.12,1
309.77,67,Retired,1,4378.14,0
838.57,41,Doctor,1,14576.47,2
724.18,41,Doctor,1,10922.78,2
124.98,24,Student,1,642.0,1
487.32,52,Doctor,1,7707.96,0
635.91,46,Doctor,1,13267.09,2
205.65,62,Retired,1,3582.16,1
39.41,25,Student,1,921.91,1
254.0,35,Doctor,1,5788.53,0
436.8,36,Engineer,1,4515.43,0
224.73,76,Retired,1,7551.89,0
752.69,65,Doctor,1,14489.69,2
78.5,31,Doctor,1,13991.5,2
50.0,53,Doctor,1,185.87,1
132.42,18,Student,1,726.39,1
11.67,76,Retired,1,7458.63,0
83.16,61,Retired,1,3065.87,1
149.02,46,Engineer,1,9379.72,2
74.27,59,Doctor,1,13696.61,2
876.57,62,Retired,1,3743.63,1
615.58,42,Doctor,1,14343.0,2
643.03,36,Engineer,1,2882.16,1
7.95,79,Retired,1,5631.2,0
270.92,77,Retired,1,4574.43,0
499.48,24,Student,1,1242.62,1
841.5,25,Student,1,352.31,1
138.82,77,Retired,1,3100.22,1
231.46,60,Engineer,1,4707.24,0
292.08,72,Retired,1,7950.48,0
63.98,54,Doctor,1,7954.12,0
235.21,67,Doctor,1,5946.61,0
201.73,57,Engineer,1,6650.71,0
161.31,28,Student,1,1268.67,1
18.41,53,Doctor,1,8287.54,0
471.75,34,Doctor,1,12948.5,2
290.02,55,Engineer,1,4746.71,0
48.05,27,Engineer,1,5334.97,0
359.42,55,Doctor,1,1765.45,1
32.91,19,Student,1,427.3,1
3.8,67,Retired,1,6285.39,0
31.81,51,Retired,1,1406.6,1
220.2,28,Student,1,1075.15,1
476.03,77,Retired,1,5958.34,0
141.91,23,Student,1,791.97,1
95.83,27,Student,1,1726.4,1
51.15,46,Engineer,1,8992.25,0
50.75,62,Doctor,1,8271.47,0
185.07,22,Student,1,636.42,1
293.54,40,Engineer,1,2290.1,1
23.38,32,Engineer,1,9968.49,2
285.26,28,Student,1,167.72,1
129.48,31,Engineer,1,7581.7,0
743.03,50,Engineer,1,4111.38,0
297.86,28,Student,1,1680.14,1
231.92,66,Doctor,1,5715.08,0
295.82,47,Engineer,1,5897.73,0
302.86,55,Doctor,1,5239.24,0
81.08,58,Engineer,1,7788.91,0
775.6,79,Retired,1,3898.64,1
178.43,26,Student,1,1214.93,1
211.91,20,Student,1,927.47,1
17.21,23,Student,1,914.16,1
124.22,23,Student,1,9695.04,2
38.37,63,Doctor,1,8647.04,0
269.79,52,Engineer,1,1292.1,1
605.42,21,Student,1,392.34,1
11.19,60,Engineer,1,9877.17,2
29.19,58,Doctor,1,12059.85,2
701.7,61,Retired,1,6643.24,0
862.34,57,Doctor,1,9903.48,2
410.97,22,Student,1,151.42,1
36.97,41,Engineer,1,2850.92,1
137.59,30,Doctor,1,10679.67,2
168.11,51,Doctor,1,10652.13,2
430.98,24,Student,1,569.25,1
13.87,24,Student,1,954.83,1
642.68,76,Retired,1,1831.2,1
302.82,36,Engineer,1,9384.54,2
406.81,66,Retired,1,1968.36,1
256.3,53,Retired,1,4203.05,0
80.96,19,Student,1,959.94,1
95.78,22,Student,1,271.64,1
379.54,41,Doctor,1,12571.76,2
903.19,22,Student,1,8627.08,0
847.45,28,Student,1,422.32,1
295.18,66,Doctor,1,12961.53,2
18.46,68,Retired,1,6381.6,0
603.23,28,Student,1,117.98,1
54.5,57,Retired,1,1715.22,1
414.77,29,Doctor,1,5599.81,0
886.19,61,Retired,1,7904.24,0
440.03,49,Engineer,1,1490.44,1
35.46,56,Retired,1,1532.72,1
76.39,18,Student,1,5976.0,0
595.91,19,Student,1,1673.76,1
6.03,76,Retired,1,3290.72,1
249.34,26,Engineer,1,3030.97,1
421.52,20,Student,1,369.86,1
189.77,58,Engineer,1,6570.36,0
73.19,76,Retired,1,2264.98,1
188.13,75,Retired,1,5029.87,0
30.52,62,Doctor,1,12327.74,2
170.24,62,Retired,1,5172.99,0
56.62,54,Doctor,1,8981.1,0
53.14,34,Doctor,1,7915.0,0
587.23,27,Student,1,500.84,1
146.15,43,Doctor,1,13784.4,2
21.27,62,Retired,1,7392.79,0
76.02,34,Doctor,1,14765.41,2
155.51,68,Doctor,1,5360.19,0
135.15,72,Retired,1,5878.14,0
39.48,56,Retired,1,5889.51,0
451.68,33,Engineer,1,4381.54,0
19.11,49,Engineer,1,8478.46,0
355.0,26,Student,1,185.47,1
427.69,43,Engineer,1,2443.54,1
254.86,23,Student,1,699.9,1
19.48,27,Engineer,1,4739.59,0
190.17,49,Doctor,1,12893.85,2
91.38,65,Retired,1,2402.58,1
206.63,59,Retired,1,7626.53,0
93.22,52,Retired,1,1014.63,1
547.98,28,Student,1,1358.54,1
641.06,23,Student,1,1602.13,1
836.45,61,Retired,1,1731.89,1
189.45,53,Doctor,1,12578.75,2
91.84,67,Retired,1,1712.41,1
609.52,78,Retired,1,3485.03,1
859.3,78,Retired,1,1146.78,1
100.01,50,Doctor,1,6393.12,0
28.78,40,Doctor,1,680.55,1
111.08,70,Doctor,1,7037.34,0
52.23,28,Student,1,105.01,1
78.62,32,Doctor,1,1360.85,1
47.79,25,Student,1,1649.92,1
333.97,52,Doctor,1,5237.36,0
30.87,33,Doctor,1,14348.65,2
710.43,67,Retired,1,5625.55,0
220.23,41,Engineer,1,3438.02,1
27.28,29,Doctor,1,10668.24,2
101.52,49,Engineer,1,2018.9,1
162.65,59,Engineer,1,9500.95,2
10.52,55,Retired,1,2472.99,1
270.72,38,Doctor,1,6522.47,0
202.34,20,Student,1,1223.45,1
247.58,39,Engineer,1,778.74,1
686.17,61,Retired,1,2246.15,1
359.65,25,Student,1,219.53,1
109.91,38,Doctor,1,12896.06,2
215.72,30,Engineer,1,8697.11,0
490.76,66,Retired,1,6414.11,0
224.28,64,Retired,1,5767.51,0
614.03,68,Retired,1,2815.86,1
608.79,55,Engineer,1,2991.17,1
186.55,48,Engineer,1,224.65,1
840.16,20,Student,1,1236.76,1
203.34,60,Doctor,1,13586.99,2
90.88,26,Engineer,1,7117.35,0
60.11,61,Retired,1,7235.87,0
393.92,72,Retired,1,7318.64,0
19.39,43,Doctor,1,9847.6,2
557.41,80,Retired,1,2968.75,1
57.07,31,Doctor,1,9323.71,2
395.27,18,Student,1,1764.08,1
289.05,75,Retired,1,5683.49,0
46.11,33,Doctor,1,5225.73,0
335.5,63,Retired,1,6445.4,0
388.07,24,Student,1,289.71,1
520.86,51,Engineer,1,9200.74,2
787.41,25,Student,1,300.87,1
31.7,48,Doctor,1,743.9,1
22.3,21,Student,1,1200.35,1
203.12,56,Retired,1,1562.39,1
315.94,49,Doctor,1,7719.71,0
0.26,20,Student,1,1833.67,1
210.77,71,Retired,1,5396.65,0
406.65,57,Doctor,1,12995.7,2
422.9,40,Engineer,1,7616.43,0
20.62,35,Doctor,1,12500.8,2
174.39,19,Student,1,1127.08,1
7.86,76,Retired,1,3621.98,1
61.98,49,Engineer,1,5212.28,0
54.85,58,Retired,1,2727.45,1
16.55,26,Engineer,1,6089.79,0
91.32,58,Engineer,1,2618.1,1
195.49,31,Doctor,1,11988.12,2
49.62,55,Engineer,1,3841.42,1
487.16,28,Student,1,321.21,1
405.6,37,Engineer,1,9754.73,2
512.95,57,Engineer,1,9584.52,2
345.94,31,Doctor,1,7624.56,0
356.56,47,Engineer,1,2485.73,1
10.31,36,Engineer,1,2137.9,1
211.69,30,Doctor,1,6412.85,0
221.49,23,Student,1,707.25,1
278.23,48,Engineer,1,8300.54,0
116.88,45,Doctor,1,7717.34,0
328.77,39,Doctor,1,6967.03,0
77.53,54,Retired,1,5158.6,0
421.74,67,Doctor,1,12031.14,2
313.69,73,Retired,1,7093.68,0
411.72,29,Doctor,1,8539.86,0
508.73,59,Retired,1,7640.57,0
153.08,24,Student,1,1292.21,1
23.01,63,Retired,1,5958.75,0
69.28,25,Student,1,708.74,1
51.25,28,Student,1,1744.4,1
407.65,25,Student,1,273.78,1
459.25,25,Student,1,130.76,1
301.56,49,Doctor,1,10389.6,2
17.67,63,Doctor,1,1048.18,1
5.29,32,Doctor,1,12896.68,2
401.37,43,Engineer,1,8208.54,0
145.4,38,Engineer,1,5244.49,0
556.34,37,Doctor,1,11935.14,2
34.31,24,Student,1,1484.76,1
780.59,23,Student,1,6513.34,0
282.65,35,Doctor,1,13801.15,2
305.27,68,Doctor,1,12958.65,2
185.81,32,Doctor,1,9588.71,2
66.01,49,Engineer,1,3475.99,1
447.95,29,Engineer,1,7544.4,0
279.3,19,Student,1,1193.61,1
26.75,33,Doctor,1,12063.77,2
611.15,27,Student,1,892.83,1
275.2,54,Engineer,1,1230.12,1
427.79,18,Student,1,1479.67,1
469.13,54,Doctor,1,1265.28,1
102.81,76,Retired,1,3228.87,1
22.61,19,Student,1,1111.67,1
68.28,56,Engineer,1,3213.16,1
33.65,63,Doctor,1,12719.93,2
362.68,63,Retired,1,2040.77,1
73.23,20,Student,1,1309.85,1
654.49,25,Student,1,164.61,1
18.56,49,Engineer,1,4230.37,0
389.05,27,Student,1,761.0,1
7.38,67,Retired,1,2923.83,1
109.48,61,Retired,1,7372.47,0
66.91,39,Doctor,1,871.1,1
335.48,45,Engineer,1,3023.16,1
38.14,19,Student,1,1119.21,1
360.02,68,Retired,1,6400.59,0
567.71,63,Doctor,1,13884.24,2
218.19,19,Student,1,620.83,1
209.99,19,Student,1,1938.01,1
11.02,19,Student,1,964.79,1
83.43,56,Retired,1,1870.16,1
344.97,34,Doctor,1,5577.94,0
172.29,36,Engineer,1,8700.8,0
195.54,60,Retired,1,2794.66,1
101.23,45,Engineer,1,6169.71,0
180.46,25,Student,1,831.75,1
692.55,53,Retired,1,2451.56,1
147.31,34,Doctor,1,13625.52,2
107.48,20,Student,1,1379.39,1
81.51,25,Student,1,865.49,1
365.48,76,Retired,1,7147.4,0
491.1,35,Engineer,1,7833.85,0
452.8,80,Retired,1,4840.67,0
645.04,70,Retired,1,7361.47,0
169.28,45,Doctor,1,5128.44,0
88.42,62,Doctor,1,12381.45,2
155.53,29,Engineer,1,4008.05,1
39.24,77,Retired,1,6462.41,0
78.77,48,Engineer,1,6470.57,0
26.5,48,Engineer,1,4854.83,0
83.62,48,Doctor,1,12652.22,2
142.78,68,Doctor,1,11705.88,2
55.99,35,Doctor,1,932.61,1
774.48,61,Doctor,1,11613.58,2
105.37,25,Student,1,1068.55,1
118.83,28,Student,1,1616.3,1
46.22,23,Student,1,471.28,1
659.71,21,Student,1,106.86,1
377.97,72,Retired,1,2457.1,1
114.1,69,Retired,1,5882.12,0
11.3,55,Retired,1,1938.99,1
95.5,57,Retired,1,4079.09,0
130.93,28,Engineer,1,860.12,1
272.97,68,Retired,1,7811.31,0
73.35,24,Student,1,1181.84,1
29.94,58,Doctor,1,10915.54,2
50.52,20,Student,1,1121.19,1
820.46,53,Engineer,1,5621.86,0
153.07,56,Engineer,1,8873.43,0
52.94,41,Doctor,1,6990.92,0
384.41,60,Engineer,1,7831.56,0
235.42,51,Retired,1,6173.23,0
114.23,56,Doctor,1,9523.72,2
12.62,33,Doctor,1,6420.47,0
373.52,35,Engineer,1,6430.41,0
336.05,28,Student,1,1635.05,1
366.93,66,Retired,1,6697.79,0
112.27,58,Doctor,1,7369.89,0
494.96,40,Engineer,1,6903.68,0
561.58,65,Doctor,1,11748.86,2
440.94,42,Doctor,1,7303.23,0
71.9,29,Doctor,1,10619.35,2
256.66,54,Retired,1,1794.5,1
166.55,59,Doctor,1,12970.21,2
276.26,56,Doctor,1,120.89,1
35.46,67,Doctor,1,5692.31,0
38.14,50,Engineer,1,9879.87,2
506.26,64,Retired,1,6266.65,0
736.32,31,Doctor,1,14268.95,2
389.43,52,Engineer,1,6449.83,0
25.58,60,Engineer,1,6741.41,0
446.1,25,Student,1,1008.44,1
147.74,23,Student,1,1711.78,1
46.23,77,Retired,1,5107.75,0
265.37,33,Engineer,1,5229.95,0
342.57,20,Student,1,339.16,1
417.26,32,Doctor,1,10442.48,2
33.63,63,Retired,1,4324.4,0
64.58,55,Retired,1,6292.29,0
23.23,21,Student,1,269.01,1
160.52,78,Retired,1,5379.25,0
285.49,53,Doctor,1,6366.84,0
71.87,22,Student,1,1839.1,1
308.8,53,Retired,1,3966.54,1
135.35,33,Engineer,1,9983.36,2
288.43,66,Retired,1,4577.09,0
147.46,65,Doctor,1,7458.03,0
214.15,32,Engineer,1,6397.29,0
170.36,30,Doctor,1,6034.73,0
736.53,55,Engineer,1,9826.26,2
213.42,45,Engineer,1,3736.38,1
94.09,27,Student,1,646.85,1
91.23,72,Retired,1,6385.12,0
263.92,57,Retired,1,4161.71,0
77.5,51,Doctor,1,11079.77,2
3.65,69,Doctor,1,10017.11,2
43.88,26,Student,1,1644.09,1
591.98,28,Student,1,387.65,1
224.79,18,Student,1,528.38,1
64.3,55,Retired,1,7530.3,0
111.79,62,Doctor,1,10887.59,2
613.7,61,Retired,1,7307.11,0
170.45,60,Engineer,1,2284.41,1
344.27,22,Student,1,1918.36,1
872.72,22,Student,1,503.01,1
292.95,37,Engineer,1,1216.91,1
28.44,18,Student,1,1071.04,1
209.02,21,Student,1,187.9,1
20.05,72,Retired,1,7145.67,0
175.02,28,Student,1,1493.88,1
89.5,41,Engineer,1,8658.95,0
69.96,28,Student,1,164.12,1
146.51,53,Engineer,1,7089.9,0
376.78,21,Student,1,841.65,1
148.54,71,Retired,1,5677.05,0
388.77,26,Student,1,1658.49,1
100.38,63,Doctor,1,10171.68,2
137.23,64,Doctor,1,13847.99,2
870.3,51,Retired,1,3688.98,1
458.94,52,Engineer,1,5619.95,0
327.35,20,Student,1,342.08,1
757.15,53,Engineer,1,4702.86,0
5.64,59,Doctor,1,12703.24,2
47.23,73,Retired,1,6659.81,0
239.41,42,Doctor,1,7860.65,0
7.48,55,Engineer,1,1275.2,1
170.97,26,Student,1,1265.27,1
659.15,22,Student,1,1241.59,1
31.53,25,Student,1,874.93,1
111.66,48,Engineer,1,5716.72,0
250.01,62,Retired,1,1541.48,1
554.15,49,Doctor,1,14817.22,2
598.66,32,Engineer,1,2587.11,1
28.38,55,Doctor,1,173.7,1
16.8,49,Doctor,1,11847.07,2
896.79,33,Doctor,1,11146.74,2
159.0,49,Engineer,1,369.79,1
56.31,75,Retired,1,6396.08,0
203.99,52,Retired,1,4840.31,0
50.99,29,Doctor,1,1334.6,1
101.28,32,Engineer,1,2774.35,1
299.92,27,Student,1,1368.0,1
77.54,67,Retired,1,4536.38,0
18.35,21,Student,1,1293.39,1
732.53,26,Student,1,441.54,1
65.11,34,Engineer,1,8485.14,0
67.07,24,Student,1,999.62,1
137.48,55,Doctor,1,14273.42,2
398.36,22,Student,1,1863.7,1
469.46,20,Student,1,8640.56,0
37.58,57,Doctor,1,259.44,1
160.24,31,Engineer,1,5526.97,0
315.39,23,Student,1,929.6,1
165.91,26,Student,1,587.12,1
211.36,47,Engineer,1,4760.34,0
241.45,26,Student,1,1594.04,1
23.24,68,Doctor,1,13777.79,2
70.88,74,Retired,1,1794.65,1
314.52,80,Retired,1,7071.32,0
181.81,78,Retired,1,7525.73,0
854.64,56,Retired,1,2989.25,1
261.19,64,Retired,1,7620.6,0
220.68,71,Retired,1,5549.2,0
11.86,31,Engineer,1,6782.61,0
122.65,28,Student,1,1968.51,1
395.16,56,Retired,1,5340.73,0
704.69,51,Retired,1,3267.84,1
369.89,69,Retired,1,6941.47,0
10.92,67,Retired,1,7567.2,0
199.14,31,Engineer,1,7001.25,0
109.43,70,Retired,1,1983.65,1
304.15,20,Student,1,686.91,1
620.54,28,Student,1,213.36,1
757.79,22,Student,1,1443.02,1
122.81,52,Doctor,1,8450.84,0
96.25,61,Retired,1,7996.7,0
142.55,67,Doctor,1,1262.68,1
35.94,23,Student,1,1697.28,1
24.86,58,Engineer,1,2591.65,1
103.08,60,Doctor,1,12002.16,2
116.27,57,Engineer,1,8726.92,0
34.74,59,Retired,1,3736.57,1
64.01,19,Student,1,1225.69,1
50.9,28,Student,1,1277.7,1
206.84,20,Student,1,454.66,1
37.4,20,Student,1,1519.51,1
154.21,46,Engineer,1,8045.77,0
199.37,24,Student,1,1331.3,1
410.49,25,Student,1,1843.57,1
18.23,56,Engineer,1,8422.2,0
398.7,47,Doctor,1,7987.74,0
122.14,22,Student,1,327.68,1
378.2,40,Engineer,1,7372.81,0
124.74,49,Engineer,1,2987.97,1
17.1,53,Retired,1,1619.54,1
287.05,22,Student,1,1204.65,1
874.72,28,Engineer,1,4630.58,0
40.12,36,Doctor,1,14304.38,2
125.0,49,Engineer,1,3215.76,1
348.44,24,Student,1,1022.94,1
128.4,69,Retired,1,2610.64,1
320.93,55,Engineer,1,9451.66,2
1.41,53,Retired,1,1244.17,1
50.52,54,Doctor,1,12815.24,2
383.95,31,Engineer,1,9933.56,2
12.94,23,Student,1,921.23,1
329.75,56,Retired,1,6009.43,0
40.79,18,Student,1,1769.33,1
99.25,63,Retired,1,2570.34,1
150.6,69,Retired,1,3240.14,1
29.5,73,Retired,1,1229.32,1
54.34,65,Doctor,1,8019.89,0
18.25,53,Doctor,1,14328.29,2
633.87,27,Student,1,330.16,1
81.15,19,Student,1,1595.26,1
83.95,75,Retired,1,7413.18,0
410.4,61,Retired,1,2563.91,1
172.68,33,Doctor,1,10724.95,2
139.88,34,Engineer,1,2969.71,1
165.55,28,Student,1,761.78,1
285.69,63,Retired,1,2552.54,1
532.4,22,Student,1,1033.73,1
293.85,25,Student,1,1919.97,1
27.94,79,Retired,1,1893.44,1
270.36,25,Student,1,1783.04,1
506.03,21,Student,1,1123.89,1
206.95,22,Student,1,1817.65,1
350.96,63,Retired,1,5463.94,0
261.63,20,Student,1,477.03,1
46.12,59,Doctor,1,8874.01,0
27.25,63,Retired,1,5365.2,0
331.66,76,Retired,1,7216.3,0
667.95,62,Doctor,1,13558.56,2
49.84,49,Doctor,1,7872.04,0
556.04,72,Retired,1,5200.04,0
88.06,18,Student,1,1779.85,1
745.95,58,Doctor,1,13264.14,2
67.25,19,Student,1,467.4,1
93.63,29,Engineer,1,9873.62,2
74.11,22,Student,1,1257.9,1
41.13,77,Retired,1,6067.54,0
192.02,79,Retired,1,5169.07,0
291.27,77,Retired,1,6878.86,0
296.46,23,Student,1,558.99,1
341.84,27,Student,1,1400.04,1
98.41,27,Student,1,912.71,1
27.51,40,Doctor,1,13645.63,2
12.18,76,Retired,1,4909.24,0
207.71,25,Student,1,570.1,1
25.77,45,Doctor,1,11749.77,2
127.57,52,Retired,1,6118.2,0
392.05,60,Engineer,1,4383.69,0
521.01,41,Engineer,1,4004.55,1
849.76,25,Student,1,373.88,1
172.5,68,Doctor,1,6851.16,0
265.44,30,Engineer,1,9700.77,2
152.34,55,Doctor,1,6853.51,0
21.13,28,Student,1,948.7,1
111.55,46,Doctor,1,12221.17,2
321.82,32,Engineer,1,6500.5,0
148.77,67,Retired,1,2138.42,1
14.08,57,Retired,1,3908.65,1
566.33,24,Student,1,379.82,1
206.51,51,Retired,1,3921.74,1
180.94,75,Retired,1,7659.99,0
77.9,21,Student,1,664.72,1
318.92,21,Student,1,1167.25,1
583.3,59,Engineer,1,5896.01,0
100.68,63,Retired,1,1123.75,1
589.64,62,Retired,1,2039.4,1
225.93,25,Student,1,1864.27,1
651.55,72,Retired,1,2325.78,1
80.97,38,Doctor,1,5926.31,0
191.89,25,Student,1,399.57,1
304.75,78,Retired,1,1916.34,1
201.53,68,Retired,1,2732.86,1
8.45,22,Student,1,1115.3,1
435.98,30,Engineer,1,7334.08,0
743.24,19,Student,1,1024.19,1
16.27,57,Doctor,1,10971.32,2
290.86,45,Doctor,1,14631.88,2
85.73,41,Doctor,1,14928.35,2
555.71,22,Student,1,830.37,1
40.03,23,Student,1,6408.8,0
73.01,25,Student,1,1997.33,1
346.12,44,Doctor,1,13084.27,2
252.93,75,Retired,1,2760.37,1
58.7,67,Doctor,1,8937.35,0
7.56,40,Doctor,1,8528.72,0
540.4,45,Doctor,1,425.77,1
264.14,64,Doctor,1,8459.26,0
248.15,75,Retired,1,2649.23,1
24.34,54,Engineer,1,6659.12,0
428.61,66,Doctor,1,11937.04,2
117.66,39,Doctor,1,6794.17,0
165.8,60,Engineer,1,2064.76,1
289.18,65,Retired,1,3139.75,1
125.39,21,Student,1,202.69,1
305.18,58,Retired,1,4474.2,0
506.9,64,Doctor,1,11471.87,2
504.12,25,Student,1,1107.28,1
42.09,29,Engineer,1,5526.28,0
607.28,32,Doctor,1,9679.68,2
91.9,77,Retired,1,1033.94,1
303.43,22,Student,1,1833.24,1
668.78,20,Student,1,983.68,1
270.54,20,Student,1,269.78,1
247.93,37,Engineer,1,9801.48,2
34.67,19,Student,1,888.6,1
326.03,18,Student,1,290.24,1
148.26,25,Student,1,958.7,1
373.99,60,Doctor,1,8590.5,0
254.34,49,Engineer,1,5461.08,0
819.48,25,Student,1,1804.5,1
14.0,49,Engineer,1,7975.18,0
57.16,40,Engineer,1,222.22,1
282.26,37,Engineer,1,6857.2,0
46.96,46,Engineer,1,2028.92,1
473.2,34,Doctor,1,248.52,1
192.97,59,Retired,1,3019.04,1
168.99,18,Student,1,1523.57,1
1.82,80,Retired,1,5571.39,0
40.9,55,Doctor,1,1514.34,1
78.91,61,Doctor,1,1817.43,1
169.97,22,Student,1,6269.12,0
486.61,48,Engineer,1,2006.69,1
148.13,58,Retired,1,2189.38,1
164.52,61,Doctor,1,11036.74,2
720.89,27,Student,1,447.06,1
268.7,53,Retired,1,2104.74,1
637.34,51,Retired,1,5183.5,0
216.76,47,Engineer,1,643.64,1
418.02,46,Doctor,1,11011.86,2
292.03,46,Engineer,1,951.33,1
251.4,57,Retired,1,2561.67,1
184.56,21,Student,1,1549.27,1
33.76,26,Engineer,1,3253.51,1
253.46,45,Engineer,1,1338.95,1
138.68,22,Student,1,206.2,1
42.56,18,Student,1,4361.44,0
680.76,21,Student,1,572.97,1
53.83,70,Retired,1,4580.59,0
11.09,51,Engineer,1,2990.05,1
37.81,63,Retired,1,5208.98,0
449.18,67,Retired,1,1025.99,1
297.6,39,Doctor,1,1461.17,1
683.75,32,Doctor,1,6333.72,0
21.4,48,Engineer,1,8551.6,0
315.94,78,Retired,1,4273.99,0
223.76,74,Retired,1,4102.23,0
216.03,42,Doctor,1,10462.77,2
17.42,74,Retired,1,6851.31,0
491.91,78,Retired,1,2421.94,1
350.11,74,Retired,1,4639.04,0
218.07,23,Student,1,443.62,1
291.09,48,Engineer,1,6312.79,0
422.14,26,Student,1,1436.32,1
613.21,61,Retired,1,3279.12,1
73.83,69,Doctor,1,6020.29,0
67.33,59,Engineer,1,5925.98,0
26.92,62,Retired,1,1674.94,1
18.3,48,Engineer,1,3733.52,1
317.94,54,Engineer,1,2996.51,1
179.38,40,Doctor,1,11666.18,2
13.92,37,Engineer,1,2735.84,1
365.43,25,Student,1,1073.51,1
263.59,71,Retired,1,6996.35,0
54.8,34,Engineer,1,4943.49,0
141.49,24,Student,1,1665.58,1
31.39,20,Student,1,998.49,1
93.82,39,Engineer,1,8422.06,0
5.71,21,Student,1,1285.42,1
178.39,34,Engineer,1,8469.43,0
126.91,22,Student,1,692.69,1
36.09,53,Doctor,1,12319.26,2
91.77,51,Doctor,1,9240.73,2
198.92,36,Engineer,1,2854.66,1
137.81,58,Engineer,1,2631.47,1
136.88,24,Student,1,7465.95,0
133.07,21,Student,1,1670.99,1
1.14,43,Doctor,1,13913.92,2
256.34,69,Retired,1,7471.63,0
56.11,36,Doctor,1,11123.65,2
118.1,50,Engineer,1,7976.6,0
137.86,66,Doctor,1,8046.94,0
813.78,54,Doctor,1,14935.5,2
237.97,69,Doctor,1,13486.15,2
684.96,21,Student,1,526.67,1
878.63,60,Engineer,1,4954.37,0
276.56,68,Doctor,1,8942.58,0
8.75,79,Retired,1,4044.62,1
637.48,65,Retired,1,4148.85,0
103.15,51,Doctor,1,11388.15,2
505.6,52,Retired,1,5347.57,0
371.86,46,Doctor,1,1329.45,1
14.26,50,Engineer,1,2475.65,1
13.16,43,Engineer,1,1019.46,1
73.01,56,Retired,1,2833.12,1
201.5,61,Doctor,1,12148.32,2
150.3,41,Doctor,1,14371.08,2
23.7,46,Doctor,1,7947.44,0
49.59,48,Engineer,1,6037.03,0
720.13,22,Student,1,387.02,1
134.92,19,Student,1,1081.97,1
116.97,18,Student,1,729.7,1
88.29,50,Engineer,1,5245.93,0
5.81,25,Student,1,1290.95,1
103.48,32,Engineer,1,6494.25,0
156.74,70,Retired,1,4004.35,1
505.14,68,Retired,1,2525.47,1
31.06,46,Doctor,1,11014.25,2
7.61,50,Doctor,1,6275.0,0
276.16,53,Retired,1,1733.34,1
145.77,68,Retired,1,5294.98,0
369.44,34,Engineer,1,5018.67,0
558.86,60,Doctor,1,9844.32,2
429.15,26,Student,1,712.13,1
36.74,33,Doctor,1,6217.58,0
79.14,57,Retired,1,2229.56,1
132.48,36,Engineer,1,9313.05,2
203.76,55,Retired,1,6747.16,0
750.95,78,Retired,1,5134.37,0
0.84,52,Engineer,1,2207.54,1
257.18,67,Doctor,1,13336.15,2
767.66,63,Doctor,1,1801.69,1
182.29,54,Doctor,1,522.39,1
184.51,54,Doctor,1,9381.64,2
144.1,57,Doctor,1,11523.64,2
72.5,40,Doctor,1,12723.62,2
22.15,44,Doctor,1,7451.83,0
777.92,62,Doctor,1,7061.58,0
790.07,28,Student,1,985.77,1
406.33,59,Engineer,1,4298.34,0
767.41,56,Doctor,1,12799.34,2
4.58,21,Student,1,811.24,1
447.83,53,Doctor,1,13273.08,2
49.67,21,Student,1,842.94,1
77.83,49,Engineer,1,2471.53,1
702.87,19,Student,1,1237.5,1
133.56,25,Student,1,783.83,1
868.05,49,Engineer,1,3931.03,1
52.87,24,Student,1,960.96,1
179.0,78,Retired,1,7310.88,0
384.11,58,Retired,1,7902.52,0
227.61,71,Retired,1,4405.28,0
40.83,48,Engineer,1,3944.12,1
19.76,20,Student,1,1523.04,1
484.24,67,Doctor,1,8042.3,0
494.66,33,Doctor,1,5531.93,0
301.47,21,Student,1,560.73,1
199.09,70,Doctor,1,1658.52,1
38.95,27,Engineer,1,731.52,1
515.94,29,Engineer,1,1389.89,1
41.93,48,Engineer,1,5081.26,0
137.84,27,Student,1,1000.35,1
95.35,21,Student,1,1639.9,1
93.14,67,Retired,1,5473.82,0
79.33,51,Doctor,1,14798.1,2
76.89,55,Doctor,1,7374.26,0
233.71,19,Student,1,1231.98,1
14.92,26,Engineer,1,6611.26,0
242.17,60,Doctor,1,883.72,1
122.98,79,Retired,1,5055.99,0
129.35,52,Engineer,1,7166.88,0
138.33,21,Student,1,232.56,1
39.31,25,Student,1,1236.38,1
91.85,21,Student,1,802.09,1
277.7,58,Engineer,1,1423.2,1
114.03,51,Doctor,1,13388.56,2
302.63,27,Engineer,1,2801.28,1
31.19,52,Engineer,1,5545.96,0
112.91,27,Engineer,1,4764.48,0
742.26,27,Engineer,1,7868.19,0
256.8,26,Student,1,1128.38,1
378.68,60,Doctor,1,7627.04,0
571.93,52,Retired,1,4026.03,1
26.31,77,Retired,1,7095.76,0
205.58,20,Student,1,1501.95,1
533.61,48,Engineer,1,3656.93,1
428.62,55,Retired,1,3473.24,1
361.22,64,Retired,1,7061.73,0
837.29,25,Student,1,6012.67,0
117.25,31,Doctor,1,13694.68,2
135.27,48,Doctor,1,9410.51,2
185.1,53,Retired,1,6115.63,0
113.54,38,Engineer,1,5581.21,0
354.96,69,Doctor,1,6712.94,0
224.22,53,Doctor,1,8400.87,0
737.1,60,Retired,1,4644.19,0
223.22,27,Student,1,1734.22,1
557.26,69,Doctor,1,5237.12,0
27.44,62,Retired,1,5950.48,0
310.09,36,Doctor,1,9962.5,2
80.38,52,Doctor,1,9662.88,2
26.1,66,Doctor,1,5243.0,0
845.14,73,Retired,1,1702.65,1
59.73,27,Student,1,800.93,1
758.77,60,Engineer,1,7231.47,0
301.51,22,Student,1,1052.31,1
418.03,58,Doctor,1,10721.29,2
118.06,32,Doctor,1,13560.63,2
483.92,70,Retired,1,3138.0,1
78.93,38,Doctor,1,9916.24,2
36.63,75,Retired,1,7941.73,0
87.85,49,Engineer,1,3753.24,1
705.34,59,Doctor,1,5003.22,0
116.89,71,Retired,1,4880.31,0
106.41,57,Retired,1,1310.38,1
584.41,23,Student,1,4475.22,0
584.98,55,Retired,1,6521.05,0
79.21,56,Retired,1,1615.04,1
173.13,20,Student,1,1490.34,1
335.7,80,Retired,1,6601.44,0
422.81,28,Student,1,1929.28,1
135.43,57,Retired,1,5315.83,0
584.88,26,Student,1,548.45,1
308.94,25,Student,1,1931.66,1
295.93,36,Doctor,1,1050.63,1
77.44,58,Retired,1,1950.63,1
92.5,40,Engineer,1,6295.45,0
97.74,41,Engineer,1,4113.63,0
291.68,21,Student,1,1451.02,1
56.96,22,Student,1,1597.85,1
436.8,27,Student,1,1256.33,1
259.49,72,Retired,1,7320.61,0
726.26,57,Retired,1,2150.38,1
568.68,72,Retired,1,2940.04,1
77.57,49,Doctor,1,12801.93,2
14.16,74,Retired,1,5399.76,0
61.33,27,Engineer,1,7537.4,0
27.64,54,Engineer,1,7498.51,0
3.85,29,Doctor,1,10506.41,2
431.22,73,Retired,1,6505.98,0
178.55,55,Engineer,1,7568.4,0
248.76,18,Student,1,546.46,1
76.16,23,Student,1,1072.25,1
347.25,69,Doctor,1,7273.55,0
325.98,19,Student,1,782.35,1
249.56,76,Retired,1,4444.95,0
17.43,56,Doctor,1,10658.88,2
198.01,26,Student,1,250.93,1
585.58,23,Student,1,1729.02,1
434.67,27,Student,1,1298.13,1
510.7,27,Student,1,5828.48,0
331.98,74,Retired,1,7600.99,0
199.54,56,Engineer,1,9603.73,2
212.97,59,Engineer,1,4180.4,0
270.56,23,Student,1,1268.44,1
306.37,26,Engineer,1,9609.67,2
643.02,38,Doctor,1,11989.39,2
98.48,47,Engineer,1,9538.92,2
889.01,36,Engineer,1,4826.88,0
537.86,27,Student,1,293.06,1
241.18,25,Student,1,1445.53,1
130.54,64,Doctor,1,11204.62,2
800.29,20,Student,1,693.4,1
8.81,57,Doctor,1,13523.65,2
28.52,20,Student,1,662.51,1
431.31,23,Student,1,342.73,1
885.33,47,Engineer,1,7764.16,0
199.23,29,Engineer,1,9834.0,2
42.26,44,Doctor,1,268.77,1
166.06,30,Engineer,1,5397.68,0
357.72,53,Retired,1,7659.5,0
588.37,28,Student,1,1926.08,1
72.82,68,Doctor,1,6911.62,0
162.36,36,Engineer,1,7527.04,0
584.82,43,Doctor,1,12071.1,2
38.15,72,Retired,1,1425.47,1
477.54,23,Student,1,1598.63,1
639.57,60,Doctor,1,11726.47,2
58.23,28,Student,1,9189.76,2
776.21,78,Retired,1,4895.87,0
248.76,21,Student,1,6178.77,0
188.61,67,Retired,1,7167.57,0
675.37,56,Retired,1,4704.91,0
94.82,67,Retired,1,1267.72,1
425.18,59,Engineer,1,5790.55,0
50.28,60,Engineer,1,5729.1,0
864.72,34,Engineer,1,7379.38,0
70.68,25,Student,1,1478.41,1
261.77,28,Student,1,824.71,1
183.22,27,Student,1,1024.42,1
156.86,51,Doctor,1,14453.35,2
120.67,42,Doctor,1,5374.54,0
308.62,59,Engineer,1,9148.08,2
506.81,59,Engineer,1,2757.23,1
328.39,41,Engineer,1,2523.83,1
796.3,67,Retired,1,1498.79,1
72.47,29,Doctor,1,1305.56,1
279.6,25,Student,1,1910.9,1
304.2,25,Student,1,423.64,1
351.38,64,Retired,1,7606.63,0
86.07,31,Doctor,1,842.56,1
604.5,28,Student,1,709.42,1
258.7,27,Student,1,1358.37,1
11.46,75,Retired,1,7258.33,0
63.76,69,Retired,1,4980.26,0
446.83,55,Retired,1,1623.5,1
63.54,26,Engineer,1,4401.78,0
81.11,48,Engineer,1,2051.37,1
170.96,64,Doctor,1,13374.89,2
48.51,22,Student,1,3363.23,1
325.03,60,Doctor,1,13521.76,2
125.83,57,Retired,1,6109.86,0
506.83,37,Engineer,1,9975.79,2
738.94,41,Doctor,1,13856.18,2
180.36,33,Engineer,1,9905.23,2
225.1,28,Student,1,1547.71,1
359.51,79,Retired,1,7153.72,0
720.46,54,Retired,1,3101.54,1
291.46,57,Retired,1,7142.53,0
98.24,28,Student,1,580.66,1
100.48,18,Student,1,6149.81,0
45.9,56,Engineer,1,5698.25,0
258.21,39,Doctor,1,9562.41,2
287.51,22,Student,1,187.65,1
501.3,26,Engineer,1,8520.08,0
26.1,27,Student,1,1435.72,1
436.77,20,Student,1,825.69,1
292.38,68,Doctor,1,5803.89,0
25.29,50,Engineer,1,5374.69,0
123.35,31,Doctor,1,6852.16,0
139.52,23,Student,1,1570.22,1
51.2,18,Student,1,730.6,1
161.38,24,Student,1,3900.34,1
2.51,63,Retired,1,4891.56,0
22.62,64,Doctor,1,7682.0,0
126.83,57,Retired,1,6100.98,0
46.6,55,Doctor,1,1562.9,1
243.8,57,Doctor,1,13732.81,2
231.51,60,Retired,1,5790.7,0
175.05,39,Engineer,1,1447.35,1
762.74,64,Doctor,1,207.1,1
34.03,57,Engineer,1,3077.2,1
15.95,25,Student,1,1983.0,1
101.51,46,Engineer,1,3052.47,1
309.42,27,Engineer,1,8564.46,0
257.6,59,Retired,1,7950.74,0
746.78,21,Student,1,1699.81,1
82.01,23,Student,1,287.46,1
476.99,23,Student,1,1154.48,1
320.11,23,Student,1,4076.48,0
333.39,68,Doctor,1,10628.59,2
10.3,47,Engineer,1,7801.32,0
416.55,33,Engineer,1,922.96,1
84.91,18,Student,1,1671.86,1
98.95,75,Retired,1,5670.82,0
18.14,58,Retired,1,6020.85,0
215.13,46,Engineer,1,3956.69,1
218.57,62,Doctor,1,13869.86,2
341.88,43,Engineer,1,4159.52,0
691.92,19,Student,1,1084.65,1
50.43,32,Doctor,1,9794.26,2
440.43,78,Retired,1,5123.24,0
299.03,39,Engineer,1,1381.28,1
1.98,66,Doctor,1,11619.1,2
173.45,31,Engineer,1,9077.62,0
438.76,22,Student,1,1824.19,1
519.62,71,Retired,1,4159.33,0
738.68,50,Doctor,1,14352.33,2
151.14,64,Retired,1,2156.54,1
75.77,51,Engineer,1,8361.7,0
444.52,27,Engineer,1,5424.6,0
5.29,52,Doctor,1,11263.89,2
97.63,48,Doctor,1,12467.31,2
256.95,26,Engineer,1,2531.24,1
734.86,48,Engineer,1,6242.03,0
84.28,39,Doctor,1,13586.06,2
202.49,48,Engineer,1,7447.1,0
154.99,25,Student,1,1419.31,1
481.53,58,Retired,1,6142.54,0
172.92,20,Student,1,416.37,1
275.59,53,Retired,1,6313.22,0
207.2,60,Engineer,1,8092.94,0
136.82,31,Engineer,1,6229.13,0
179.38,30,Engineer,1,8741.51,0
26.3,32,Doctor,1,7473.73,0
319.5,29,Engineer,1,2366.3,1
182.42,51,Retired,1,3051.29,1
716.62,44,Doctor,1,6987.4,0
222.96,65,Doctor,1,7370.41,0
79.77,68,Retired,1,5010.31,0
431.08,59,Retired,1,6760.22,0
592.24,52,Doctor,1,9817.05,2
200.19,52,Retired,1,4389.96,0
297.5,73,Retired,1,6768.14,0
345.86,51,Retired,1,1504.64,1
343.88,63,Retired,1,6486.18,0
16.52,25,Student,1,835.53,1
162.1,41,Engineer,1,8576.65,0
36.12,22,Student,1,1593.03,1
354.91,74,Retired,1,3872.55,1
38.41,40,Doctor,1,9129.68,2
53.52,49,Engineer,1,2227.49,1
498.59,57,Retired,1,2619.46,1
13.3,23,Student,1,213.0,1
189.65,21,Student,1,8457.09,0
255.32,80,Retired,1,6290.62,0
230.51,51,Engineer,1,9522.37,2
237.74,61,Doctor,1,11795.12,2
512.76,52,Doctor,1,5121.36,0
151.37,54,Engineer,1,8356.08,0
85.01,25,Student,1,1299.4,1
444.47,57,Retired,1,6062.94,0
184.19,67,Retired,1,7588.67,0
879.25,24,Student,1,125.85,1
55.98,24,Student,1,7047.04,0
54.91,41,Engineer,1,7927.27,0
393.74,26,Student,1,1769.06,1
58.94,30,Engineer,1,4575.98,0
515.57,27,Engineer,1,9269.67,2
332.15,59,Doctor,1,9749.46,2
177.94,19,Student,1,123.24,1
68.68,49,Engineer,1,4718.51,0
240.03,33,Engineer,1,7807.73,0
168.34,64,Retired,1,7483.01,0
474.77,46,Engineer,1,8494.53,0
451.7,29,Engineer,1,8994.67,0
243.85,39,Engineer,1,4576.78,0
5.76,38,Engineer,1,5859.79,0
435.08,55,Engineer,1,2103.41,1
127.78,20,Student,1,1046.66,1
23.14,47,Doctor,1,10536.54,2
545.87,27,Engineer,1,4860.01,0
21.21,55,Engineer,1,9575.42,2
423.53,50,Doctor,1,5453.4,0
142.1,18,Student,1,1545.64,1
114.15,19,Student,1,1612.4,1
275.98,72,Retired,1,6151.05,0
590.68,27,Student,1,852.2,1
152.42,42,Doctor,1,9141.79,2
395.77,43,Doctor,1,6425.99,0
615.16,26,Student,1,214.61,1
207.82,19,Student,1,229.02,1
220.52,57,Retired,1,1793.09,1
281.47,34,Engineer,1,4437.48,0
57.91,58,Engineer,1,3641.06,1
30.48,32,Doctor,1,11481.85,2
453.09,48,Doctor,1,6708.65,0
424.47,22,Student,1,5491.55,0
228.4,67,Doctor,1,9598.43,2
67.17,63,Doctor,1,14410.44,2
284.89,53,Doctor,1,9738.6,2
118.69,33,Doctor,1,749.34,1
221.33,27,Student,1,1185.43,1
252.31,26,Student,1,1584.6,1
58.85,71,Retired,1,1789.8,1
194.68,32,Doctor,1,14494.18,2
433.53,38,Doctor,1,6368.32,0
178.26,59,Retired,1,1137.13,1
207.65,34,Engineer,1,5143.8,0
237.0,49,Doctor,1,14021.4,2
347.63,25,Student,1,1400.04,1
517.68,31,Doctor,1,11305.81,2
36.25,52,Doctor,1,193.06,1
46.53,42,Engineer,1,4468.12,0
207.47,53,Doctor,1,1688.9,1
199.7,43,Engineer,1,7574.45,0
307.89,62,Retired,1,2637.55,1
20.06,27,Student,1,445.21,1
236.57,79,Retired,1,3488.77,1
0.32,39,Engineer,1,7158.58,0
14.28,23,Student,1,1597.51,1
232.35,33,Engineer,1,4186.25,0
317.53,44,Engineer,1,6237.68,0
74.67,43,Engineer,1,3449.35,1
65.01,29,Doctor,1,10235.19,2
0.45,34,Engineer,1,8670.23,0
364.13,63,Doctor,1,8198.0,0
222.66,39,Doctor,1,14466.38,2
638.24,48,Engineer,1,5695.78,0
241.21,31,Engineer,1,1220.86,1
171.16,51,Retired,1,6126.5,0
37.65,27,Student,1,411.78,1
25.77,68,Retired,1,4331.54,0
789.8,40,Doctor,1,13948.09,2
806.97,25,Student,1,102.2,1
364.81,25,Student,1,1145.23,1
490.82,26,Engineer,1,8704.27,0
311.28,49,Doctor,1,135.96,1
85.03,51,Retired,1,4597.57,0
307.75,64,Doctor,1,1061.58,1
333.67,36,Engineer,1,9238.08,2
372.08,66,Doctor,1,13330.74,2
502.9,26,Student,1,341.24,1
103.81,36,Doctor,1,7044.63,0
69.43,30,Engineer,1,9281.85,2
110.4,56,Doctor,1,8639.36,0
275.65,28,Engineer,1,4957.57,0
251.8,62,Doctor,1,11796.66,2
334.07,59,Engineer,1,7306.79,0
52.44,27,Student,1,3157.75,1
141.37,46,Engineer,1,1019.77,1
211.7,50,Doctor,1,12272.78,2
308.23,60,Retired,1,4150.63,0
111.41,21,Student,1,1204.11,1
675.49,61,Retired,1,1893.0,1
29.72,26,Student,1,1059.62,1
301.73,67,Doctor,1,990.74,1
294.61,60,Retired,1,7375.59,0
106.43,52,Engineer,1,9403.12,2
381.52,36,Doctor,1,5798.92,0
5.66,40,Engineer,1,5434.64,0
209.09,48,Doctor,1,9100.81,2
521.81,47,Engineer,1,4750.96,0
588.36,33,Engineer,1,8434.99,0
146.67,20,Student,1,1569.75,1
57.34,27,Student,1,1100.64,1
294.77,77,Retired,1,2272.17,1
881.32,31,Engineer,1,2287.93,1
162.59,64,Retired,1,7104.83,0
56.15,31,Doctor,1,13265.92,2
524.55,39,Doctor,1,8292.75,0
535.4,23,Student,1,651.84,1
56.84,45,Engineer,1,7977.78,0
135.94,71,Retired,1,4710.21,0
47.1,42,Doctor,1,6308.07,0
124.05,61,Doctor,1,7009.54,0
802.89,19,Student,1,1973.63,1
193.16,64,Retired,1,2304.56,1
541.52,48,Engineer,1,6087.24,0
20.17,77,Retired,1,3869.37,1
35.98,40,Doctor,1,11147.34,2
273.24,51,Retired,1,2202.21,1
663.45,67,Retired,1,5897.29,0
343.86,57,Engineer,1,3278.65,1
75.43,77,Retired,1,1441.86,1
414.64,32,Doctor,1,7253.22,0
86.79,33,Doctor,1,8795.37,0
14.1,45,Engineer,1,6949.21,0
63.33,23,Student,1,792.33,1
606.27,29,Doctor,1,9668.78,2
4.47,27,Student,1,1381.75,1
289.01,66,Retired,1,4226.26,0
338.69,18,Student,1,1137.89,1
97.73,69,Doctor,1,7885.21,0
27.61,54,Retired,1,3679.64,1
284.17,51,Retired,1,3479.56,1
76.21,22,Student,1,664.93,1
334.79,69,Doctor,1,624.09,1
584.51,74,Retired,1,3254.56,1
432.18,18,Student,1,678.83,1
134.55,59,Doctor,1,14852.42,2
61.66,26,Student,1,5705.4,0
12.35,25,Student,1,1846.85,1
213.25,25,Student,1,677.79,1
34.93,31,Engineer,1,2810.37,1
335.68,24,Student,1,1188.95,1
423.96,43,Doctor,1,8374.38,0
220.82,42,Engineer,1,4298.13,0
717.36,22,Student,1,514.88,1
406.12,42,Doctor,1,10501.53,2
427.83,47,Engineer,1,3293.06,1
416.62,26,Student,1,9700.9,2
21.9,28,Student,1,1052.27,1
717.74,42,Engineer,1,8375.16,0
393.68,55,Doctor,1,10135.88,2
281.91,25,Student,1,225.53,1
239.85,70,Retired,1,1477.63,1
237.84,26,Student,1,8932.39,0
459.29,64,Retired,1,1006.12,1
196.49,41,Engineer,1,7516.56,0
344.87,58,Retired,1,7447.44,0
129.62,23,Student,1,620.28,1
16.53,21,Student,1,707.95,1
277.02,46,Doctor,1,8586.38,0
13.02,51,Doctor,1,6076.45,0
199.02,22,Student,1,793.63,1
684.5,29,Doctor,1,6258.63,0
45.92,26,Student,1,544.56,1
761.73,19,Student,1,151.28,1
331.38,42,Engineer,1,844.55,1
602.8,60,Retired,1,7417.69,0
64.12,57,Doctor,1,1029.09,1
57.38,28,Student,1,899.52,1
94.64,28,Student,1,586.76,1
155.56,19,Student,1,129.79,1
301.39,47,Doctor,1,10548.58,2
136.31,74,Retired,1,4384.95,0
4.39,26,Student,1,1429.61,1
429.25,29,Engineer,1,5019.68,0
138.54,60,Engineer,1,8274.77,0
33.03,21,Student,1,935.88,1
76.39,30,Doctor,1,11584.32,2
25.32,19,Student,1,1642.34,1
330.91,36,Engineer,1,6481.35,0
153.55,37,Doctor,1,5619.91,0
217.61,27,Student,1,1661.1,1
131.69,53,Engineer,1,2958.43,1
68.49,67,Retired,1,6683.31,0
470.62,57,Doctor,1,12470.62,2
385.35,38,Doctor,1,5184.13,0
74.72,26,Student,1,165.75,1
352.03,27,Student,1,4846.68,0
275.87,25,Student,1,1697.58,1
90.94,63,Retired,1,3896.08,1
206.25,74,Retired,1,3651.07,1
116.76,51,Engineer,1,4480.43,0
91.5,47,Doctor,1,667.66,1
489.31,43,Engineer,1,5595.22,0
414.49,58,Doctor,1,12709.58,2
315.13,30,Engineer,1,6570.94,0
28.38,45,Doctor,1,8892.62,0
456.05,68,Doctor,1,11729.51,2
277.22,35,Doctor,1,12104.51,2
54.84,52,Retired,1,3495.51,1
29.92,68,Doctor,1,7855.01,0
133.06,35,Engineer,1,8843.44,0
14.34,67,Retired,1,7932.51,0
468.32,69,Retired,1,4710.04,0
582.17,57,Engineer,1,7310.83,0
245.62,23,Student,1,1879.82,1
83.6,47,Doctor,1,13899.24,2
331.22,61,Doctor,1,12613.25,2
57.49,24,Student,1,765.15,1
85.58,55,Engineer,1,7794.84,0
157.56,43,Doctor,1,7541.16,0
230.3,46,Engineer,1,8356.88,0
305.92,72,Retired,1,1445.47,1
116.33,27,Student,1,1696.15,1
537.71,19,Student,1,1806.08,1
538.17,27,Engineer,1,5908.04,0
219.44,42,Engineer,1,4207.27,0
61.62,57,Doctor,1,8365.37,0
58.77,27,Engineer,1,7261.7,0
538.13,62,Retired,1,5008.59,0
177.05,24,Student,1,4287.82,0
719.76,19,Student,1,690.52,1
163.22,26,Student,1,1788.27,1
242.85,42,Engineer,1,4672.8,0
291.22,41,Engineer,1,3677.63,1
56.52,42,Engineer,1,6911.2,0
195.8,39,Doctor,1,12027.68,2
66.76,36,Doctor,1,184.72,1
190.9,28,Student,1,101.25,1
106.99,38,Engineer,1,5771.4,0
107.1,25,Student,1,193.8,1
430.83,18,Student,1,941.49,1
235.34,26,Student,1,566.83,1
86.35,52,Retired,1,1550.48,1
337.99,70,Doctor,1,9038.63,0
577.13,40,Engineer,1,6640.51,0
213.33,52,Retired,1,5400.44,0
54.52,32,Doctor,1,6980.98,0
100.13,57,Doctor,1,5209.16,0
883.92,53,Retired,1,2342.64,1
69.8,27,Student,1,136.77,1
768.94,64,Retired,1,6860.18,0
179.62,24,Student,1,409.26,1
425.91,23,Student,1,383.58,1
263.34,64,Retired,1,2411.02,1
113.03,36,Doctor,1,6756.13,0
11.02,42,Doctor,1,7879.66,0
865.17,24,Student,1,9297.5,2
152.0,51,Engineer,1,7531.43,0
270.39,25,Student,1,899.15,1
246.41,54,Retired,1,1431.6,1
336.84,22,Student,1,4500.26,0
261.45,50,Engineer,1,6735.74,0
99.98,73,Retired,1,3037.97,1
400.69,32,Engineer,1,9040.33,0
411.47,26,Student,1,796.63,1
204.63,52,Engineer,1,9199.52,2
421.56,53,Engineer,1,8037.87,0
193.38,18,Student,1,1081.79,1
377.04,34,Engineer,1,3812.87,1
54.1,28,Engineer,1,940.91,1
18.1,57,Retired,1,6474.34,0
408.62,48,Engineer,1,2498.48,1
162.1,64,Doctor,1,9578.74,2
165.31,49,Doctor,1,7346.66,0
856.9,36,Engineer,1,8579.69,0
433.9,65,Doctor,1,9013.1,0
271.22,45,Doctor,1,6863.02,0
307.68,75,Retired,1,2052.84,1
348.17,21,Student,1,1887.84,1
43.1,25,Student,1,6944.9,0
557.78,26,Student,1,1289.48,1
325.6,69,Doctor,1,13777.1,2
235.83,53,Engineer,1,4120.75,0
603.54,44,Doctor,1,10517.47,2
270.25,31,Engineer,1,5414.97,0
123.38,59,Doctor,1,13542.41,2
577.12,39,Engineer,1,5265.88,0
92.24,60,Engineer,1,6937.48,0
856.21,33,Doctor,1,12690.79,2
251.54,48,Doctor,1,254.75,1
28.63,56,Retired,1,3382.91,1
185.97,23,Student,1,1776.91,1
243.08,24,Student,1,131.25,1
